Range_start,Range_end,Mean_range,Timestamp,Time,Mean_power,Min_power,Max_power,Pointing,Trail_length
136.3500054180622,136.65000542998314,136.50000542402267,1756139861.29175,59861.29174995422,45.43235854030552,44.93695000988786,46.13112101641288,0,0.30000001192092896
114.4500045478344,114.90000456571579,114.6750045567751,1756139997.8105,59997.81049990654,49.13311966338484,48.09034203493311,50.27655341319169,0,0.45000001788139343
135.90000540018082,136.20000541210175,136.05000540614128,1756140026.7567499,60026.75674986839,48.26729307057568,46.935598804538415,50.63944769343239,0,0.30000001192092896
12.300000488758087,31.350001245737076,21.82500086724758,1756140116.1755,60116.17549991608,53.08275604248047,39.798213958740234,61.78155517578125,0,19.05000075697899
152.55000606179237,152.8500060737133,152.70000606775284,1756140199.81175,60199.81174993515,42.75727788636368,42.35503196494338,43.51680376527895,0,0.30000001192092896
51.90000206232071,56.70000225305557,54.30000215768814,1756140302.79425,60302.794250011444,50.4781608581543,42.14101791381836,56.93519592285156,0,4.800000190734863
154.65000614523888,180.7500071823597,167.7000066637993,1756140412.60575,60412.60575008392,53.19490051269531,35.769168853759766,61.4931640625,0,26.10000103712082
51.90000206232071,52.3500020802021,52.125002071261406,1756140591.8070002,60591.80700016022,50.37117973336974,47.76439657076949,54.30839076965158,0,0.45000001788139343
91.80000364780426,92.10000365972519,91.95000365376472,1756140591.82075,60591.82074999809,51.10003228009873,47.33927165230416,53.0649579570012,0,0.30000001192092896
69.60000276565552,69.90000277757645,69.75000277161598,1756140531.7132502,60531.71325016022,43.12256539463243,41.92539577314719,44.45136968713304,0,0.30000001192092896
169.95000675320625,170.40000677108765,170.17500676214695,1756140695.80825,60695.80824995041,49.356072746064186,47.834390358240945,51.4857489361814,0,0.45000001788139343
86.550003439188,86.85000345110893,86.70000344514847,1756140807.80075,60807.800750017166,44.51188029172599,43.51680376527895,45.422650870725256,0,0.30000001192092896
30.750001221895218,85.05000337958336,57.90000230073929,1756140987.41825,60987.41825008392,48.52203369140625,30.060379028320312,59.979942321777344,0,54.30000215768814
174.90000694990158,180.90000718832016,177.90000706911087,1756141277.82525,61277.825249910355,52.596168518066406,40.57551956176758,58.450836181640625,0,6.000000238418579
11.250000447034836,50.400002002716064,30.82500122487545,1756141277.8265,61277.826499938965,42.15353775024414,16.627578735351562,58.01677322387695,0,39.15000155568123
152.25000604987144,152.70000606775284,152.47500605881214,1756141457.81975,61457.81975007057,46.85289494715897,43.28705711568874,49.2454805184604,0,0.45000001788139343
130.35000517964363,135.00000536441803,132.67500527203083,1756141457.83475,61457.83474993706,53.411651611328125,43.12050247192383,59.690086364746094,0,4.650000184774399
12.150000482797623,24.900000989437103,18.525000736117363,1756141541.26725,61541.267250061035,46.40949630737305,30.7445068359375,57.347442626953125,0,12.75000050663948
130.5000051856041,159.6000063419342,145.05000576376915,1756141569.4285,61569.42849993706,51.888851165771484,40.40839767456055,60.98908996582031,0,29.10000115633011
34.80000138282776,35.10000139474869,34.95000138878822,1756141618.1169999,61618.11699986458,47.49057949616493,45.61375713830891,48.62650075207894,0,0.30000001192092896
140.2500055730343,174.60000693798065,157.42500625550747,1756141624.2045,61624.204499959946,43.6611328125,13.617278099060059,58.980682373046875,0,34.350001364946365
37.350001484155655,37.80000150203705,37.57500149309635,1756141673.86825,61673.86824989319,45.31421366763691,44.39806211393331,46.06832624848885,0,0.45000001788139343
106.80000424385071,107.10000425577164,106.95000424981117,1756141753.842,61753.84200000763,54.467641581730454,53.24702139058164,55.414382001366334,0,0.30000001192092896
31.350001245737076,31.650001257658005,31.50000125169754,1756141774.4667501,61774.46675014496,51.452275255124334,50.02196310069995,52.49323122671196,0,0.30000001192092896
177.00000703334808,177.300007045269,177.15000703930855,1756141783.3095,61783.30949997902,49.41250330898427,44.12863573812828,54.321592417439604,0,0.30000001192092896
66.3000026345253,92.10000365972519,79.20000314712524,1756142171.8215,62171.82150006294,51.46767044067383,36.087398529052734,60.25180435180664,0,25.80000102519989
11.550000458955765,30.15000119805336,20.850000828504562,1756142487.42625,62487.42624998093,50.15721893310547,35.156089782714844,62.86719512939453,0,18.600000739097595
22.650000900030136,60.00000238418579,41.325001642107964,1756142787.46625,62787.46624994278,50.273643493652344,33.31022262573242,59.31322479248047,0,37.350001484155655
161.10000640153885,163.95000651478767,162.52500645816326,1756142889.52,62889.51999998093,51.18750762939453,42.074188232421875,55.917633056640625,0,2.850000113248825
82.05000326037407,88.35000351071358,85.20000338554382,1756142966.87625,62966.87625002861,44.98768615722656,30.273496627807617,51.71041488647461,0,6.300000250339508
46.350001841783524,69.15000274777412,57.750002294778824,1756142966.8925,62966.892499923706,59.17500305175781,42.40923309326172,69.0263671875,0,22.8000009059906
158.10000628232956,179.1000071167946,168.60000669956207,1756143094.6912498,63094.69124984741,52.69038772583008,35.195655822753906,61.05113983154297,0,21.000000834465027
171.60000681877136,171.9000068306923,171.75000682473183,1756143273.89525,63273.895250082016,48.52089687435292,46.17943434828973,50.74651903995394,0,0.30000001192092896
79.35000315308571,133.95000532269478,106.65000423789024,1756143273.9115,63273.91149997711,38.72101593017578,19.084850311279297,60.33268737792969,0,54.60000216960907
45.750001817941666,46.050001829862595,45.90000182390213,1756143306.23525,63306.235249996185,43.800110582381045,43.509647879430986,44.19129307741976,0,0.30000001192092896
149.850005954504,178.80000710487366,164.32500652968884,1756143431.90175,63431.90175008774,50.286354064941406,28.756399154663086,62.397274017333984,0,28.950001150369644
162.6000064611435,162.90000647306442,162.75000646710396,1756143506.4267502,63506.426750183105,51.09468327939977,47.14790638598088,54.402823648531935,0,0.30000001192092896
114.60000455379486,141.30000561475754,127.9500050842762,1756143752.30475,63752.30474996567,48.17461395263672,30.534626007080078,58.00959777832031,0,26.700001060962677
47.100001871585846,50.85000202059746,48.97500194609165,1756143931.00475,63931.00475001335,48.050209045410156,29.781803131103516,53.76219177246094,0,3.750000149011612
33.45000132918358,36.15000143647194,34.80000138282776,1756143931.8975,63931.89750003815,50.6908073425293,41.249603271484375,55.83989715576172,0,2.7000001072883606
160.95000639557838,161.2500064074993,161.10000640153885,1756143931.91,63931.91000008583,46.58265736835127,45.07072896756503,47.58836224746958,0,0.30000001192092896
50.400002002716064,50.70000201463699,50.55000200867653,1756143968.62875,63968.62875008583,50.74962413390795,48.23441623255506,54.918307586640196,0,0.30000001192092896
13.950000554323196,35.25000140070915,24.600000977516174,1756144070.30125,64070.30124998093,48.973304748535156,34.42793273925781,57.57191467285156,0,21.300000846385956
156.75000622868538,171.15000680088997,163.95000651478767,1756144249.8865,64249.886499881744,48.5380859375,26.91965103149414,58.73309326171875,0,14.40000057220459
157.0500062406063,161.7000064253807,159.3750063329935,1756144406.294,64406.293999910355,48.32843017578125,37.107940673828125,56.98324203491211,0,4.650000184774399
177.00000703334808,177.300007045269,177.15000703930855,1756144585.9052498,64585.90524983406,49.029899530041575,48.36140483012336,49.8412208286111,0,0.30000001192092896
20.250000804662704,31.050001233816147,25.650001019239426,1756144737.5214999,64737.52149987221,49.43515396118164,37.95323944091797,58.186370849609375,0,10.800000429153442
144.15000572800636,144.60000574588776,144.37500573694706,1756144785.55675,64785.55675005913,50.18406606139156,46.643692808708025,54.04845685200581,0,0.45000001788139343
12.150000482797623,90.45000359416008,51.30000203847885,1756145079.5405,65079.54049992561,47.506370544433594,24.969295501708984,59.516326904296875,0,78.30000311136246
80.2500031888485,80.55000320076942,80.40000319480896,1756145197.828,65197.828000068665,48.34915664772728,41.96866747249239,54.44254081671873,0,0.30000001192092896
108.00000429153442,154.05000612139702,131.02500520646572,1756145429.97175,65429.97175002098,48.80324172973633,30.149402618408203,60.04893493652344,0,46.050001829862595
25.650001019239426,29.250001162290573,27.450001090765,1756145610.0005,65610.00049996376,50.180728912353516,43.115421295166016,56.33907699584961,0,3.6000001430511475
107.85000428557396,147.15000584721565,127.5000050663948,1756145802.01275,65802.01274991035,50.31757736206055,32.74619674682617,60.7296028137207,0,39.30000156164169
55.95000222325325,59.85000237822533,57.90000230073929,1756145982.81775,65982.81774997711,51.56904220581055,45.78811264038086,56.21053695678711,0,3.9000001549720764
49.050001949071884,80.85000321269035,64.95000258088112,1756146174.04525,66174.04524993896,52.041831970214844,38.89077377319336,61.96209716796875,0,31.80000126361847
45.45000180602074,45.750001817941666,45.6000018119812,1756146330.32775,66330.32774996758,43.492918125575386,42.89811839117622,44.121412194166524,0,0.30000001192092896
36.45000144839287,37.80000150203705,37.12500147521496,1756146354.0627499,66354.06274986267,51.15185546875,47.637725830078125,53.3907356262207,0,1.3500000536441803
154.20000612735748,161.2500064074993,157.7250062674284,1756146354.079,66354.07899999619,58.29152297973633,45.253299713134766,65.332275390625,0,7.0500002801418304
119.70000475645065,136.05000540614128,127.87500508129597,1756146542.4915,66542.49149990082,47.61038589477539,34.017452239990234,56.01372146606445,0,16.350000649690628
60.75000241398811,73.35000291466713,67.05000266432762,1756146722.1152499,66722.11524987221,37.25008010864258,14.771212577819824,53.30687713623047,0,12.600000500679016
178.95000711083412,180.7500071823597,179.8500071465969,1756146742.89025,66742.89024996758,50.99130630493164,43.85517120361328,57.94126892089844,0,1.8000000715255737
75.00000298023224,91.80000364780426,83.40000331401825,1756146912.1252499,66912.12524986267,51.51431655883789,37.675270080566406,60.86164474487305,0,16.80000066757202
78.90000313520432,79.95000317692757,79.42500315606594,1756146953.8952498,66953.8952498436,54.50550079345703,52.60896301269531,56.45160675048828,0,1.0500000417232513
150.00000596046448,172.35000684857368,161.17500640451908,1756147302.1652498,67302.16524982452,51.60297393798828,35.06098937988281,60.40580749511719,0,22.350000888109207
168.00000667572021,168.4500066936016,168.2250066846609,1756147482.19125,67482.19125008583,48.327010906204855,46.238486166713756,52.61305701204488,0,0.45000001788139343
25.350001007318497,25.650001019239426,25.50000101327896,1756147482.1925,67482.19250011444,45.2684701702674,44.87717990926187,45.47577813405802,0,0.30000001192092896
27.450001090765,27.75000110268593,27.600001096725464,1756147530.61875,67530.61875009537,44.32444925101155,43.9922362152727,44.717463084882674,0,0.30000001192092896
37.50000149011612,37.80000150203705,37.650001496076584,1756147688.5487502,67688.54875016212,43.04546236975279,42.46769314946471,43.4738856792903,0,0.30000001192092896
180.7500071823597,181.05000719428062,180.90000718832016,1756147700.31375,67700.31375002861,48.94620517673227,45.087316694431436,53.16917626124629,0,0.30000001192092896
27.900001108646393,77.85000309348106,52.87500210106373,1756147701.8200002,67701.82000017166,46.045040130615234,19.54242515563965,59.13159942626953,0,49.95000198483467
65.70000261068344,82.05000326037407,73.87500293552876,1756147873.58375,67873.58375000954,40.421669006347656,26.83946990966797,51.964332580566406,0,16.350000649690628
120.60000479221344,140.55000558495522,130.57500518858433,1756148096.6485,68096.64849996567,50.57821273803711,35.4332275390625,60.32442092895508,0,19.950000792741776
80.55000320076942,80.85000321269035,80.70000320672989,1756148239.847,68239.84699988365,50.63146659747449,48.30755426274798,53.917922571004134,0,0.30000001192092896
38.55000153183937,52.3500020802021,45.45000180602074,1756148508.27075,68508.27075004578,44.22666931152344,28.549129486083984,54.458702087402344,0,13.800000548362732
122.40000486373901,157.9500062763691,140.17500557005405,1756148883.9194999,68883.91949987411,50.38251876831055,35.03382110595703,61.034324645996094,0,35.55000141263008
76.50000303983688,76.95000305771828,76.72500304877758,1756149063.3495,69063.34949994087,53.99621186290639,53.79236605434586,54.27867328888293,0,0.45000001788139343
85.35000339150429,108.30000430345535,96.82500384747982,1756149609.3430002,69609.34300017357,65.02642059326172,36.48457336425781,78.18240356445312,0,22.950000911951065
159.90000635385513,160.20000636577606,160.0500063598156,1756149669.0517502,69669.0517501831,56.026638428617396,53.09449173682124,57.52507865091354,0,0.30000001192092896
125.10000497102737,145.35000577569008,135.22500537335873,1756149677.2255,69677.22550010681,52.20813751220703,39.35960388183594,60.839847564697266,0,20.250000804662704
11.850000470876694,22.650000900030136,17.250000685453415,1756150103.28425,70103.28425002098,52.0025749206543,41.32579803466797,59.2769660949707,0,10.800000429153442
119.55000475049019,121.95000484585762,120.7500047981739,1756150187.168,70187.16799998283,49.693302154541016,40.227996826171875,55.72193908691406,0,2.4000000953674316
31.80000126361847,47.25000187754631,39.52500157058239,1756150594.153,70594.15300011635,52.61810302734375,41.022621154785156,61.86882781982422,0,15.450000613927841
152.70000606775284,153.00000607967377,152.8500060737133,1756150773.579,70773.57899999619,51.70806826849929,50.60860198373106,53.57771003267264,0,0.30000001192092896
148.50000590085983,177.60000705718994,163.0500064790249,1756150773.5965,70773.59649991989,38.84880447387695,9.542425155639648,61.58859634399414,0,29.10000115633011
130.5000051856041,130.80000519752502,130.65000519156456,1756150916.76275,70916.76274991035,55.48030672881686,55.00513654007766,55.735260342440796,0,0.30000001192092896
22.200000882148743,30.300001204013824,26.250001043081284,1756151011.829,71011.82899999619,51.40272521972656,39.247962951660156,61.618141174316406,0,8.100000321865082
46.95000186562538,49.20000195503235,48.075001910328865,1756151191.6667502,71191.66675019264,53.734649658203125,46.75640869140625,59.97831726074219,0,2.250000089406967
73.65000292658806,75.45000299811363,74.55000296235085,1756151151.87025,71151.87024998665,55.204891204833984,49.21342849731445,61.917388916015625,0,1.8000000715255737
48.30000191926956,50.55000200867653,49.425001963973045,1756151429.504,71429.5039999485,47.9083251953125,42.34972381591797,53.36513900756836,0,2.250000089406967
67.05000266432762,85.05000337958336,76.05000302195549,1756151854.3725,71854.37249994278,45.83369064331055,28.31869888305664,55.29218673706055,0,18.000000715255737
141.75000563263893,166.50000661611557,154.12500612437725,1756152268.4424999,72268.44249987602,45.72812271118164,22.900344848632812,56.193885803222656,0,24.75000098347664
61.800002455711365,65.10000258684158,63.450002521276474,1756152801.2422502,72801.24225020409,44.78791046142578,18.1954402923584,56.98809051513672,0,3.3000001311302185
48.30000191926956,60.60000240802765,54.450002163648605,1756152919.9172502,72919.9172501564,51.061859130859375,42.92831802368164,59.300697326660156,0,12.300000488758087
140.40000557899475,142.65000566840172,141.52500562369823,1756152919.9310002,72919.9310002327,48.13288497924805,40.466514587402344,53.69712829589844,0,2.250000089406967
44.25000175833702,44.55000177025795,44.400001764297485,1756153114.506,73114.50600004196,52.56680085080804,51.925786032442986,53.14261279733897,0,0.30000001192092896
148.35000589489937,154.20000612735748,151.27500601112843,1756153119.92225,73119.92225003242,52.6496467590332,42.442771911621094,62.37002944946289,0,5.850000232458115
51.00000202655792,51.30000203847885,51.15000203251839,1756153119.9310002,73119.9310002327,49.538185561303635,49.05466662904548,50.48437918967004,0,0.30000001192092896
136.3500054180622,142.20000565052032,139.27500553429127,1756153120.7135,73120.71350002289,48.182701110839844,39.313560485839844,54.29705810546875,0,5.850000232458115
154.5000061392784,154.80000615119934,154.65000614523888,1756153120.7235,73120.72350001335,49.092046726442014,45.681899862196744,51.051557921657405,0,0.30000001192092896
13.500000536441803,15.300000607967377,14.40000057220459,1756153168.54975,73168.54975008965,48.31610107421875,38.36197280883789,55.167335510253906,0,1.8000000715255737
111.15000441670418,112.3500044643879,111.75000444054604,1756153347.9795,73347.97950005531,52.38878348492251,46.39516370888398,57.98542230907027,0,1.2000000476837158
33.45000132918358,33.75000134110451,33.60000133514404,1756153347.98075,73347.98075008392,48.913183827143605,46.068541017166744,52.56243755337921,0,0.30000001192092896
77.7000030875206,88.6500035226345,83.17500330507755,1756153568.19225,73568.19225001335,47.99517059326172,36.26032257080078,55.95491027832031,0,10.950000435113907
120.30000478029251,120.60000479221344,120.45000478625298,1756153965.44825,73965.44825005531,48.91379088318763,46.168849335346486,50.7413595179312,0,0.30000001192092896
148.2000058889389,148.50000590085983,148.35000589489937,1756154100.0032501,74100.00325012207,44.43130677700328,42.688352899965864,45.34825386253692,0,0.30000001192092896
178.35000708699226,180.00000715255737,179.17500711977482,1756154145.0870001,74145.0870001316,55.15469741821289,49.980018615722656,59.93975067138672,0,1.6500000655651093
143.70000571012497,144.0000057220459,143.85000571608543,1756154200.2885,74200.28850007057,50.7224837781761,46.25908938775975,53.374812250538795,0,0.30000001192092896
67.80000269412994,91.05000361800194,79.42500315606594,1756154225.4995,74225.49950003624,53.47597885131836,25.61101531982422,69.7844009399414,0,23.250000923871994
150.45000597834587,171.60000681877136,161.02500639855862,1756154234.7195,74234.71950006485,65.9162368774414,48.751712799072266,77.629150390625,0,21.15000084042549
160.20000636577606,165.9000065922737,163.0500064790249,1756154365.1182501,74365.1182501316,49.69432830810547,30.297893524169922,53.937034606933594,0,5.70000022649765
21.75000086426735,32.85000130534172,27.300001084804535,1756154545.15325,74545.15324997902,54.34225082397461,42.32029724121094,61.407527923583984,0,11.100000441074371
14.250000566244125,16.650000661611557,15.450000613927841,1756154817.58075,74817.58074998856,50.34196090698242,42.78913497924805,58.99979019165039,0,2.4000000953674316
177.60000705718994,180.7500071823597,179.17500711977482,1756154997.21825,74997.21825003624,52.623390197753906,37.73128128051758,62.95830154418945,0,3.150000125169754
54.150002151727676,57.90000230073929,56.02500222623348,1756154997.2195,74997.21950006485,51.72718811035156,39.80185317993164,58.95792007446289,0,3.750000149011612
164.40000653266907,170.5500067770481,167.4750066548586,1756155135.922,75135.92199993134,49.31957244873047,40.654300689697266,58.69519805908203,0,6.150000244379044
130.65000519156456,131.10000520944595,130.87500520050526,1756155171.2332501,75171.23325014114,49.541376907006196,47.966228937761564,50.698604164441356,0,0.45000001788139343
86.85000345110893,92.25000366568565,89.5500035583973,1756155219.6395001,75219.63950014114,50.63227844238281,42.16825485229492,56.952003479003906,0,5.400000214576721
172.95000687241554,181.2000072002411,177.07500703632832,1756155785.31,75785.30999994278,55.69824981689453,47.11511993408203,65.1521224975586,0,8.250000327825546
50.100001990795135,82.20000326633453,66.15000262856483,1756155876.2637498,75876.26374983788,39.525672912597656,20.128372192382812,66.38836669921875,0,32.1000012755394
37.95000150799751,67.05000266432762,52.50000208616257,1756155884.965,75884.96499991417,64.44853210449219,44.03429412841797,75.46837615966797,0,29.10000115633011
11.4000004529953,11.70000046491623,11.550000458955765,1756156088.2862499,76088.28624987602,51.76366199453596,48.820233587866994,55.083936860637124,0,0.30000001192092896
63.90000253915787,85.95000341534615,74.925002977252,1756156201.354,76201.35400009155,51.427490234375,37.33116912841797,60.913394927978516,0,22.050000876188278
137.55000546574593,151.95000603795052,144.75000575184822,1756156395.76025,76395.76025009155,49.42269515991211,36.86814880371094,59.414817810058594,0,14.40000057220459
151.05000600218773,163.35000649094582,157.20000624656677,1756156977.398,76977.39800000191,53.008846282958984,39.423553466796875,62.71416091918945,0,12.300000488758087
146.25000581145287,149.55000594258308,147.90000587701797,1756157005.338,77005.33800005913,52.46953582763672,43.656002044677734,59.0268669128418,0,3.3000001311302185
146.40000581741333,163.95000651478767,155.1750061661005,1756157174.59675,77174.59675002098,47.97445297241211,34.30558776855469,56.56079864501953,0,17.550000697374344
84.75000336766243,92.85000368952751,88.80000352859497,1756157354.4005,77354.40050005913,55.48258972167969,45.83051300048828,64.85708618164062,0,8.100000321865082
168.4500066936016,169.05000671744347,168.75000670552254,1756157570.58825,77570.5882499218,49.90508410647932,48.23343790820648,53.195661468388174,0,0.6000000238418579
176.1000069975853,176.70000702142715,176.40000700950623,1756157683.596,77683.59599995613,50.174976474482136,47.632632299229975,53.44004969757318,0,0.6000000238418579
125.25000497698784,125.70000499486923,125.47500498592854,1756157820.0575001,77820.05750012398,50.3124532064156,47.68874790118875,54.48599665104395,0,0.45000001788139343
121.65000483393669,126.15000501275063,123.90000492334366,1756157828.7450001,77828.74500012398,54.253726959228516,48.16493225097656,59.15652847290039,0,4.500000178813934
26.85000106692314,36.7500014603138,31.80000126361847,1756157965.3865,77965.38649988174,50.75563430786133,36.27980041503906,58.56101608276367,0,9.900000393390656
57.30000227689743,57.60000228881836,57.450002282857895,1756158349.3427498,78349.34274983406,45.92207575614267,44.6924748409219,47.57563033018079,0,0.30000001192092896
57.90000230073929,60.60000240802765,59.25000235438347,1756158419.129,78419.1289999485,48.9035758972168,36.33670425415039,55.49543762207031,0,2.7000001072883606
134.40000534057617,137.250005453825,135.82500539720058,1756158917.42575,78917.42575001717,54.81180953979492,45.32142639160156,63.32889175415039,0,2.850000113248825
178.2000070810318,178.80000710487366,178.50000709295273,1756159055.42575,79055.42575001717,53.12974192328373,47.402521277358474,55.39023377765598,0,0.6000000238418579
44.100001752376556,65.25000259280205,54.6750021725893,1756159155.6922498,79155.69224977493,47.67387771606445,33.159706115722656,59.248348236083984,0,21.15000084042549
35.40000140666962,37.350001484155655,36.375001445412636,1756159289.4347498,79289.43474984169,51.44147491455078,32.28400421142578,57.925758361816406,0,1.9500000774860382
146.25000581145287,148.35000589489937,147.30000585317612,1756159289.4485,79289.44849991798,55.0450553894043,49.662635803222656,60.773921966552734,0,2.1000000834465027
163.95000651478767,175.05000695586205,169.50000673532486,1756159483.4647498,79483.46474981308,49.13555908203125,40.3450813293457,56.870784759521484,0,11.100000441074371
91.50000363588333,91.80000364780426,91.6500036418438,1756159663.46225,79663.46224999428,50.610578178781736,49.98516525051968,51.54271775993095,0,0.30000001192092896
167.40000665187836,181.50000721216202,174.4500069320202,1756159663.4785,79663.47849988937,58.428409576416016,41.34209060668945,67.91706848144531,0,14.100000560283661
151.50000602006912,153.15000608563423,152.32500605285168,1756159694.71,79694.71000003815,52.82315444946289,47.50932312011719,58.167152404785156,0,1.6500000655651093
161.55000641942024,161.85000643134117,161.7000064253807,1756159867.4737499,79867.47374987602,51.13508384631363,48.64760194956592,53.47349533731457,0,0.30000001192092896
125.4000049829483,129.00000512599945,127.20000505447388,1756160134.50125,80134.50125002861,51.35765075683594,48.14560317993164,55.51884078979492,0,3.6000001430511475
146.1000058054924,146.40000581741333,146.25000581145287,1756160134.51875,80134.51874995232,48.50898034768892,44.71394403692833,51.1171606741686,0,0.30000001192092896
22.50000089406967,22.950000911951065,22.72500090301037,1756160398.494,80398.49399995804,51.910636458019596,48.04153067740821,56.568664055794365,0,0.45000001788139343
74.40000295639038,77.40000307559967,75.90000301599503,1756160561.08275,80561.08275008202,43.60194396972656,35.83538818359375,50.6498908996582,0,3.0000001192092896
27.900001108646393,28.200001120567322,28.050001114606857,1756160680.85775,80680.85774993896,49.77140092816736,47.328278373022876,54.489875156689706,0,0.30000001192092896
118.80000472068787,126.00000500679016,122.40000486373901,1756160900.6890001,80900.6890001297,47.571922302246094,34.092567443847656,58.25233459472656,0,7.200000286102295
149.850005954504,150.15000596642494,150.00000596046448,1756160949.6765,80949.67650008202,50.852206301905284,48.25328731405288,52.81946471499475,0,0.30000001192092896
59.70000237226486,60.75000241398811,60.22500239312649,1756161033.5665,81033.5664999485,50.5966796875,45.459625244140625,55.640716552734375,0,1.0500000417232513
46.20000183582306,91.50000363588333,68.8500027358532,1756161080.504,81080.5039999485,39.710506439208984,17.92391586303711,67.1293716430664,0,45.30000180006027
11.4000004529953,11.70000046491623,11.550000458955765,1756161442.5105002,81442.51050019264,51.84402236579873,50.96388546687366,53.16555304765835,0,0.30000001192092896
27.75000110268593,44.85000178217888,36.300001442432404,1756161601.5117502,81601.51175022125,46.61565399169922,28.055007934570312,60.66753005981445,0,17.10000067949295
15.300000607967377,43.5000017285347,29.400001168251038,1756161781.5272498,81781.52724981308,50.64604187011719,25.92176628112793,64.75704956054688,0,28.200001120567322
121.35000482201576,121.65000483393669,121.50000482797623,1756161847.7005,81847.70050001144,51.356034740546306,49.19742107376001,54.27270206536731,0,0.30000001192092896
74.55000296235085,78.30000311136246,76.42500303685665,1756161944.16775,81944.16774988174,49.84952926635742,31.6016845703125,60.23445510864258,0,3.750000149011612
11.70000046491623,15.450000613927841,13.575000539422035,1756162272.34925,82272.3492500782,51.757022857666016,45.076263427734375,58.148746490478516,0,3.750000149011612
56.70000225305557,61.500002443790436,59.100002348423004,1756162451.54025,82451.54025006294,50.66489791870117,33.697723388671875,60.38916778564453,0,4.800000190734863
28.350001126527786,36.90000146627426,32.625001296401024,1756162451.55525,82451.55524992943,56.112518310546875,40.655799865722656,66.46713256835938,0,8.550000339746475
70.80000281333923,71.10000282526016,70.9500028192997,1756162783.5595,82783.55949997902,51.4641623551521,50.35941783615108,52.18876715052757,0,0.30000001192092896
44.85000178217888,45.6000018119812,45.22500179708004,1756163098.65025,83098.65024995804,51.84507008329924,48.20903909389191,54.86716608020737,0,0.7500000298023224
137.7000054717064,147.15000584721565,142.42500565946102,1756163109.5514998,83109.5514998436,50.17133331298828,34.80868911743164,57.73191452026367,0,9.450000375509262
16.500000655651093,26.85000106692314,21.675000861287117,1756163109.569,83109.56900000572,55.133270263671875,44.55073547363281,67.98287963867188,0,10.350000411272049
115.50000458955765,115.80000460147858,115.65000459551811,1756163241.9615,83241.96149992943,54.46099703739579,50.876181718858575,56.33036976789474,0,0.30000001192092896
57.0000022649765,61.500002443790436,59.25000235438347,1756163421.5825,83421.58249998093,50.547245025634766,42.26934814453125,60.374481201171875,0,4.500000178813934
157.65000626444817,167.40000665187836,162.52500645816326,1756163755.5970001,83755.59700012207,53.298336029052734,40.97743225097656,61.04466247558594,0,9.750000387430191
159.30000633001328,168.60000669956207,163.95000651478767,1756163897.18925,83897.18924999237,55.83353805541992,41.12269973754883,65.26441955566406,0,9.300000369548798
100.0500039756298,100.35000398755074,100.20000398159027,1756164076.59525,84076.59524989128,52.67919005264438,48.134875818613246,55.58412141388984,0,0.30000001192092896
21.300000846385956,30.750001221895218,26.025001034140587,1756164209.1959999,84209.19599986076,47.917816162109375,31.146108627319336,57.92984390258789,0,9.450000375509262
159.30000633001328,174.15000692009926,166.72500662505627,1756164836.8225,84836.82249999046,47.77085876464844,34.46070861816406,56.53466033935547,0,14.850000590085983
10.350000411272049,15.450000613927841,12.900000512599945,1756165016.6227498,85016.62274980545,56.85108947753906,49.029327392578125,64.83547973632812,0,5.100000202655792
106.20000422000885,140.10000556707382,123.15000489354134,1756165213.217,85213.21700000763,36.90772247314453,18.2607479095459,56.65620422363281,0,33.90000134706497
145.35000577569008,150.90000599622726,148.12500588595867,1756165435.5935,85435.59349989891,52.5930290222168,36.65487289428711,60.0831184387207,0,5.550000220537186
161.2500064074993,161.85000643134117,161.55000641942024,1756165615.605,85615.60500001907,53.63081453835682,50.81804408785733,58.44738046854338,0,0.6000000238418579
129.45000514388084,138.30000549554825,133.87500531971455,1756165757.1932502,85757.19325017929,49.6945915222168,39.67314147949219,59.358211517333984,0,8.850000351667404
57.450002282857895,58.800002336502075,58.125002309679985,1756166057.21875,86057.21875,54.28840255737305,48.95499801635742,59.66468048095703,0,1.3500000536441803
95.55000379681587,95.8500038087368,95.70000380277634,1756166101.90975,86101.90974998474,51.06078342277841,50.65964173326381,51.44010348530668,0,0.30000001192092896
98.70000392198563,177.00000703334808,137.85000547766685,1756166236.6415,86236.64149999619,38.30092239379883,7.78151273727417,67.2243423461914,0,78.30000311136246
92.55000367760658,104.25000414252281,98.4000039100647,1756166659.6515,259.65149998664856,49.35689163208008,28.208580017089844,57.67319107055664,0,11.70000046491623
63.7500025331974,66.90000265836716,65.32500259578228,1756166953.6599998,553.6599998474121,49.54605484008789,41.212974548339844,55.78109359741211,0,3.150000125169754
102.6000040769577,173.25000688433647,137.9250054806471,1756167133.6707501,733.6707501411438,38.07381820678711,13.424226760864258,59.260860443115234,0,70.65000280737877
88.6500035226345,91.95000365376472,90.30000358819962,1756167253.66825,853.6682500839233,49.430511474609375,40.874267578125,57.31166458129883,0,3.3000001311302185
176.1000069975853,176.40000700950623,176.25000700354576,1756168031.71925,1631.7192499637604,52.27265809948887,48.022262376910696,54.986096314288815,0,0.30000001192092896
61.500002443790436,61.800002455711365,61.6500024497509,1756168121.168,1721.1679999828339,52.49392664695532,48.23513353036992,54.66341108354659,0,0.30000001192092896
106.35000422596931,108.15000429749489,107.2500042617321,1756168146.50925,1746.5092499256134,50.81511688232422,44.57972717285156,55.58270263671875,0,1.8000000715255737
129.75000515580177,130.0500051677227,129.90000516176224,1756168911.7467499,2511.7467498779297,54.19259193572679,52.794889928396344,56.04841407611982,0,0.30000001192092896
47.400001883506775,97.05000385642052,72.22500286996365,1756169934.37375,3534.3737499713898,51.92277908325195,25.71708869934082,68.87076568603516,0,49.65000197291374
91.2000036239624,110.25000438094139,100.7250040024519,1756169944.66775,3544.6677498817444,54.55710220336914,28.2607479095459,73.68242645263672,0,19.05000075697899
57.150002270936966,66.45000264048576,61.800002455711365,1756170052.75525,3652.755249977112,52.38684844970703,42.61952209472656,61.215492248535156,0,9.300000369548798
114.4500045478344,114.90000456571579,114.6750045567751,1756171188.797,4788.796999931335,59.61892160514461,57.09601492882438,62.157387900950845,0,0.45000001788139343
180.3000071644783,180.60000717639923,180.45000717043877,1756171288.1942499,4888.194249868393,53.60192186687244,51.41782030495782,54.83177768913662,0,0.30000001192092896
79.8000031709671,81.15000322461128,80.47500319778919,1756171561.81425,5161.814249992371,61.0154914855957,52.277992248535156,68.5464859008789,0,1.3500000536441803
30.750001221895218,31.050001233816147,30.900001227855682,1756173334.369,6934.368999958038,54.17195238166867,53.56994763694687,55.23332779889684,0,0.30000001192092896
118.6500047147274,119.25000473856926,118.95000472664833,1756174485.2535,8085.253499984741,50.442806838594855,46.5107439073182,55.43842152482709,0,0.6000000238418579
158.4000062942505,158.70000630617142,158.55000630021095,1756175227.7802498,8827.78024983406,51.283016895763325,49.957887059165074,53.20908230125481,0,0.30000001192092896
18.45000073313713,18.75000074505806,18.600000739097595,1756175902.4695,9502.46950006485,50.87487067838354,47.85237270585277,54.21822664071688,0,0.30000001192092896
87.75000348687172,108.90000432729721,98.32500390708447,1756176929.04675,10529.046750068665,53.09708786010742,39.7451171875,64.10061645507812,0,21.15000084042549
21.15000084042549,22.350000888109207,21.75000086426735,1756177242.898,10842.898000001907,51.67759704589844,48.2744026184082,55.453086853027344,0,1.2000000476837158
146.5500058233738,146.85000583529472,146.70000582933426,1756177288.423,10888.423000097275,53.20191371990978,50.239188268766,54.87989154881475,0,0.30000001192092896
117.00000464916229,117.30000466108322,117.15000465512276,1756177853.6155,11453.615499973297,50.39840299803044,48.91570906537084,51.72010041614345,0,0.30000001192092896
49.050001949071884,51.450002044439316,50.2500019967556,1756178123.608,11723.608000040054,49.824520111083984,43.83582305908203,55.70448303222656,0,2.4000000953674316
132.00000524520874,132.30000525712967,132.1500052511692,1756179009.23575,12609.235749959946,51.27274204969155,45.47023575658172,56.0396453340368,0,0.30000001192092896
27.15000107884407,31.50000125169754,29.325001165270805,1756179365.987,12965.986999988556,54.77296447753906,46.998374938964844,61.414031982421875,0,4.35000017285347
168.60000669956207,168.900006711483,168.75000670552254,1756179514.0492501,13114.049250125885,53.60359699624283,52.854560368295445,54.9017065563444,0,0.30000001192092896
48.750001937150955,49.050001949071884,48.90000194311142,1756179606.838,13206.838000059128,53.19599724668995,52.516552512704294,54.0364547694424,0,0.30000001192092896
136.8000054359436,180.60000717639923,158.70000630617142,1756180191.1990001,13791.199000120163,47.54279708862305,21.003705978393555,58.24786376953125,0,43.80000174045563
33.300001323223114,39.000001549720764,36.15000143647194,1756180371.00525,13971.005249977112,53.75021743774414,37.55417251586914,62.34577560424805,0,5.70000022649765
90.15000358223915,93.60000371932983,91.87500365078449,1756180462.39275,14062.392750024796,52.2607421875,43.99501037597656,59.29163360595703,0,3.450000137090683
26.550001055002213,28.50000113248825,27.52500109374523,1756180981.00575,14581.005749940872,51.75710678100586,47.1126708984375,56.87385559082031,0,1.9500000774860382
39.45000156760216,40.65000161528587,40.050001591444016,1756181072.002,14672.00200009346,49.71744155883789,39.830848693847656,54.307167053222656,0,1.2000000476837158
176.40000700950623,176.70000702142715,176.5500070154667,1756181305.01825,14905.018249988556,53.073591385909594,50.03680208868356,54.72525349025351,0,0.30000001192092896
18.900000751018524,19.350000768899918,19.12500075995922,1756181305.0195,14905.019500017166,57.17352283151699,54.52862397431038,62.28142323460769,0,0.45000001788139343
162.1500064432621,162.6000064611435,162.3750064522028,1756181302.7695,14902.769500017166,48.74967766194543,46.20791688189823,51.806333072928425,0,0.45000001788139343
168.4500066936016,168.75000670552254,168.60000669956207,1756181588.023,15188.023000001907,54.46681393529028,51.66092494090343,56.691941076003545,0,0.30000001192092896
11.850000470876694,15.300000607967377,13.575000539422035,1756181588.02425,15188.024250030518,49.8870849609375,40.842899322509766,57.70984649658203,0,3.450000137090683
143.40000569820404,143.85000571608543,143.62500570714474,1756181610.473,15210.473000049591,50.700230069716,48.078798913979185,56.52403006965213,0,0.45000001788139343
31.350001245737076,31.650001257658005,31.50000125169754,1756181674.41175,15274.411750078201,49.92618251243087,47.76483255833682,51.387067987863155,0,0.30000001192092896
41.400001645088196,43.5000017285347,42.45000168681145,1756181998.41675,15598.416749954224,47.02153015136719,34.676082611083984,54.41382598876953,0,2.1000000834465027
51.60000205039978,51.90000206232071,51.750002056360245,1756182279.2005,15879.200500011444,50.119669545018304,48.35836368521794,51.74193595194642,0,0.30000001192092896
160.65000638365746,160.95000639557838,160.80000638961792,1756182313.74575,15913.745749950409,47.634498756638,45.483402731196364,49.518861126150426,0,0.30000001192092896
73.95000293850899,74.25000295042992,74.10000294446945,1756182469.9932501,16069.993250131607,50.366148669022245,47.93056631419212,51.709361086090794,0,0.30000001192092896
82.05000326037407,87.30000346899033,84.6750033646822,1756182742.99075,16342.990750074387,54.01871871948242,45.23694610595703,61.00947570800781,0,5.250000208616257
171.60000681877136,171.9000068306923,171.75000682473183,1756183011.9885,16611.988500118256,57.18634656959919,56.292178963234115,58.941204753427684,0,0.30000001192092896
165.1500065624714,165.45000657439232,165.30000656843185,1756183314.121,16914.1210000515,47.712342736697245,46.406702196214724,50.30340606035139,0,0.30000001192092896
100.9500040113926,107.85000428557396,104.40000414848328,1756183613.9822502,17213.982250213623,55.94277572631836,43.48811340332031,64.97931671142578,0,6.900000274181366
162.75000646710396,166.3500066101551,164.55000653862953,1756183695.1660001,17295.166000127792,50.9639778137207,43.18543243408203,58.61167907714844,0,3.6000001430511475
35.25000140070915,44.55000177025795,39.90000158548355,1756183912.96825,17512.96825003624,52.91106414794922,43.1037483215332,60.554100036621094,0,9.300000369548798
61.20000243186951,63.30000251531601,62.25000247359276,1756184275.947,17875.947000026703,47.383460998535156,40.818870544433594,54.97343063354492,0,2.1000000834465027
92.40000367164612,92.85000368952751,92.62500368058681,1756184791.95225,18391.952250003815,49.108711795240275,47.922515719032646,50.07726446706652,0,0.45000001788139343
167.55000665783882,170.40000677108765,168.97500671446323,1756185063.9510002,18663.951000213623,49.88328552246094,42.987220764160156,57.844482421875,0,2.850000113248825
162.90000647306442,163.50000649690628,163.20000648498535,1756185147.1372502,18747.137250185013,49.1953101033637,46.7584247325464,51.764906262982564,0,0.6000000238418579
111.75000444054604,112.05000445246696,111.9000044465065,1756185734.3135002,19334.31350016594,45.86081950652561,44.59452802248863,47.365239828622514,0,0.30000001192092896
164.2500065267086,164.55000653862953,164.40000653266907,1756186072.3560002,19672.356000185013,47.79308693985311,46.76940401617183,49.56749343029963,0,0.30000001192092896
30.45000120997429,35.10000139474869,32.77500130236149,1756186576.965,20176.96499991417,50.86971664428711,29.867717742919922,60.73584747314453,0,4.650000184774399
147.45000585913658,147.7500058710575,147.60000586509705,1756186668.7575,20268.757499933243,46.53728863556205,44.341695527583326,50.27618664655933,0,0.30000001192092896
19.05000075697899,20.850000828504562,19.950000792741776,1756186871.96275,20471.96274995804,57.17481231689453,49.58348846435547,62.678070068359375,0,1.8000000715255737
12.150000482797623,49.20000195503235,30.675001218914986,1756187185.96275,20785.96274995804,48.76156997680664,24.56365966796875,63.7890625,0,37.050001472234726
84.75000336766243,92.25000366568565,88.50000351667404,1756187460.96775,21060.96775007248,54.36677932739258,43.23334503173828,63.50682830810547,0,7.500000298023224
174.15000692009926,177.45000705122948,175.80000698566437,1756187748.96775,21348.96775007248,52.70387268066406,41.77334213256836,59.06896209716797,0,3.3000001311302185
56.100002229213715,56.55000224709511,56.32500223815441,1756187826.75675,21426.75675010681,48.69434267510147,45.336576884308116,53.848370882036846,0,0.45000001788139343
145.80000579357147,146.1000058054924,145.95000579953194,1756188953.919,22553.918999910355,53.545380325517236,50.81869155842856,56.228758434340804,0,0.30000001192092896
24.300000965595245,24.600000977516174,24.45000097155571,1756189327.889,22927.888999938965,49.074919416298805,48.53570459316978,50.11578901051089,0,0.30000001192092896
26.700001060962677,27.15000107884407,26.925001069903374,1756189633.8487499,23233.848749876022,51.45571680305923,49.8418964753808,53.246404462878054,0,0.45000001788139343
16.200000643730164,16.500000655651093,16.350000649690628,1756189825.8474998,23425.847499847412,46.897160497465336,45.89670402034894,47.87857038774162,0,0.30000001192092896
169.05000671744347,169.3500067293644,169.20000672340393,1756190405.82975,24005.829750061035,49.47425603398913,45.83176094813449,54.8494155128427,0,0.30000001192092896
77.85000309348106,78.15000310540199,78.00000309944153,1756190725.4335,24325.4335000515,56.25975889756586,52.845412674635035,60.60312469101484,0,0.30000001192092896
90.75000360608101,97.50000387430191,94.12500374019146,1756190765.43225,24365.43225002289,51.702110290527344,42.34795379638672,58.473846435546875,0,6.7500002682209015
114.15000453591347,114.60000455379486,114.37500454485416,1756190933.256,24533.25600004196,46.887578686335374,44.706309636849056,47.82236062755057,0,0.45000001788139343
87.30000346899033,87.60000348091125,87.45000347495079,1756191289.6235,24889.62350010872,52.05832622714507,49.21140013017784,53.75418511291418,0,0.30000001192092896
106.05000421404839,117.45000466704369,111.75000444054604,1756191529.831,25129.831000089645,52.908321380615234,40.88985824584961,60.64434814453125,0,11.4000004529953
33.45000132918358,36.60000145435333,35.025001391768456,1756191605.4235,25205.423500061035,50.48750305175781,41.704376220703125,56.03337097167969,0,3.150000125169754
153.45000609755516,155.8500061929226,154.65000614523888,1756192494.60375,26094.603749990463,47.39268493652344,38.0447998046875,54.51910400390625,0,2.4000000953674316
33.90000134706497,34.50000137090683,34.2000013589859,1756192758.585,26358.585000038147,50.25935023537063,47.174791050267416,52.92464305515025,0,0.6000000238418579
175.6500069797039,177.300007045269,176.47500701248646,1756193035.7637498,26635.763749837875,49.74714660644531,41.718727111816406,56.39265441894531,0,1.6500000655651093
40.350001603364944,46.050001829862595,43.20000171661377,1756193248.7515001,26848.7515001297,51.06124496459961,37.82973861694336,58.5,0,5.70000022649765
72.90000289678574,73.5000029206276,73.20000290870667,1756193339.3365,26939.336499929428,51.34434578274556,44.0246773080283,57.30342107527511,0,0.6000000238418579
49.35000196099281,49.80000197887421,49.57500196993351,1756193533.7975,27133.797499895096,49.11100097754078,47.76889966639462,50.93883752747384,0,0.45000001788139343
132.30000525712967,132.75000527501106,132.52500526607037,1756194289.2337499,27889.233749866486,61.677723489311376,60.7143939033559,63.93906719765574,0,0.45000001788139343
179.55000713467598,181.50000721216202,180.525007173419,1756195385.39375,28985.393749952316,49.037689208984375,42.430877685546875,53.91924285888672,0,1.9500000774860382
146.70000582933426,147.0000058412552,146.85000583529472,1756195681.7915,29281.791500091553,49.530858672420436,44.512182585137936,52.334707811201504,0,0.30000001192092896
108.45000430941582,111.9000044465065,110.17500437796116,1756196149.01775,29749.017750024796,53.47280502319336,39.859649658203125,63.70176315307617,0,3.450000137090683
80.40000319480896,80.70000320672989,80.55000320076942,1756196418.58775,30018.58774995804,48.45511013434026,46.675089872725756,51.25929967449008,0,0.30000001192092896
155.8500061929226,156.15000620484352,156.00000619888306,1756196856.64375,30456.643749952316,48.11940213263079,47.892562801996235,48.382318282408264,0,0.30000001192092896
10.200000405311584,17.70000070333481,13.950000554323196,1756197047.0685,30647.06850004196,53.88337326049805,42.95347213745117,64.71147155761719,0,7.500000298023224
83.85000333189964,84.15000334382057,84.00000333786011,1756197129.0635002,30729.06350016594,49.577049882796125,47.16120253335096,52.65379210487665,0,0.30000001192092896
95.40000379085541,95.8500038087368,95.6250037997961,1756197309.0735002,30909.073500156403,54.42232285448458,51.96590654117307,57.16465787997528,0,0.45000001788139343
127.05000504851341,127.35000506043434,127.20000505447388,1756197411.06975,31011.069750070572,46.458053588305454,44.11400820260078,48.48453925075464,0,0.30000001192092896
67.05000266432762,70.5000028014183,68.77500273287296,1756197641.081,31241.081000089645,49.93583679199219,36.07562255859375,55.67824935913086,0,3.450000137090683
39.45000156760216,42.90000170469284,41.1750016361475,1756197909.0935001,31509.09350013733,49.0709342956543,30.93071174621582,55.89460372924805,0,3.450000137090683
70.20000278949738,70.9500028192997,70.57500280439854,1756198249.0972502,31849.09725022316,48.22623169465481,45.17063873482655,52.09166366716778,0,0.7500000298023224
126.45000502467155,130.0500051677227,128.25000509619713,1756198339.8872502,31939.887250185013,47.92363357543945,29.385196685791016,55.278926849365234,0,3.6000001430511475
105.60000419616699,116.70000463724136,111.15000441670418,1756198542.1072502,32142.107250213623,54.6518669128418,32.93583679199219,65.27892303466797,0,11.100000441074371
137.85000547766685,138.30000549554825,138.07500548660755,1756198542.1085,32142.108500003815,49.52170344338575,46.946753822695165,52.423475923158094,0,0.45000001788139343
68.70000272989273,73.20000290870667,70.9500028192997,1756198631.507,32231.506999969482,51.5932731628418,44.51786422729492,56.53577423095703,0,4.500000178813934
81.45000323653221,86.10000342130661,83.77500332891941,1756198866.11575,32466.115750074387,52.377628326416016,39.779518127441406,59.46046447753906,0,4.650000184774399
176.5500070154667,177.15000703930855,176.85000702738762,1756198961.50475,32561.50475001335,51.08695122439129,46.83542319957651,53.653325844965075,0,0.6000000238418579
43.65000173449516,43.95000174641609,43.80000174045563,1756199242.301,32842.301000118256,53.6000494107015,49.28718380487588,58.7002212026238,0,0.30000001192092896
142.80000567436218,159.6000063419342,151.2000060081482,1756200002.08225,33602.082250118256,44.645545959472656,20.33423614501953,64.03245544433594,0,16.80000066757202
43.350001722574234,43.95000174641609,43.65000173449516,1756200095.4735,33695.47350001335,48.64726182165459,43.64119300390762,51.12883048635459,0,0.6000000238418579
178.05000707507133,178.35000708699226,178.2000070810318,1756200096.38225,33696.38225007057,46.74588727138803,45.84613876171783,47.592975924795205,0,0.30000001192092896
60.90000241994858,68.55000272393227,64.72500257194042,1756200305.08975,33905.0897500515,53.04936218261719,39.018394470214844,63.09337615966797,0,7.650000303983688
145.20000576972961,147.90000587701797,146.5500058233738,1756200395.4785001,33995.47850012779,47.87119674682617,41.14444351196289,51.55205154418945,0,2.7000001072883606
90.15000358223915,90.45000359416008,90.30000358819962,1756200884.07875,34484.078749895096,50.70891763298858,48.864173965372316,52.78321377221264,0,0.30000001192092896
157.35000625252724,157.65000626444817,157.5000062584877,1756200966.66525,34566.66525006294,46.21762933477276,45.335941365507644,46.86832818989,0,0.30000001192092896
167.10000663995743,167.40000665187836,167.2500066459179,1756201389.308,34989.30800008774,48.67810305724304,45.84387769446955,52.39251916896313,0,0.30000001192092896
82.50000327825546,84.15000334382057,83.32500331103802,1756201850.9945,35450.9944999218,46.67778015136719,38.658145904541016,51.96910858154297,0,1.6500000655651093
141.30000561475754,150.60000598430634,145.95000579953194,1756202066.0007498,35666.00074982643,51.991371154785156,43.089271545410156,59.390506744384766,0,9.300000369548798
171.15000680088997,173.40000689029694,172.27500684559345,1756202363.4294999,35963.42949986458,46.31840896606445,39.96949005126953,51.888160705566406,0,2.250000089406967
57.30000227689743,57.60000228881836,57.450002282857895,1756203449.0175002,37049.017500162125,57.18051547896613,55.92552021141246,59.37789115985318,0,0.30000001192092896
101.55000403523445,120.45000478625298,111.00000441074371,1756203731.01275,37331.012749910355,54.57973098754883,40.15778350830078,64.51844787597656,0,18.900000751018524
45.45000180602074,45.750001817941666,45.6000018119812,1756203810.5927498,37410.59274983406,46.0096733226519,43.44411924574547,48.71520396745254,0,0.30000001192092896
129.45000514388084,174.0000069141388,151.72500602900982,1756203998.3002498,37598.30024981499,31.307180404663086,7.78151273727417,52.529720306396484,0,44.55000177025795
71.85000285506248,72.15000286698341,72.00000286102295,1756204118.96875,37718.96875,49.4915961506706,48.63673723481508,50.50986493713452,0,0.30000001192092896
161.55000641942024,162.00000643730164,161.77500642836094,1756204510.48375,38110.483750104904,42.610644497281314,41.129064902533145,43.56312741150645,0,0.45000001788139343
33.60000133514404,33.90000134706497,33.75000134110451,1756204510.4850001,38110.485000133514,49.162942930765496,47.45933158459443,51.12802667766988,0,0.30000001192092896
67.95000270009041,68.25000271201134,68.10000270605087,1756204692.58225,38292.582250118256,46.651183846294714,44.21225399340183,49.887818434536406,0,0.30000001192092896
157.80000627040863,158.10000628232956,157.9500062763691,1756204879.9895,38479.98950004578,49.761224349907764,47.41679367519989,52.88012110312799,0,0.30000001192092896
116.5500046312809,121.95000484585762,119.25000473856926,1756205163.00025,38763.00025010109,48.58306121826172,37.20737838745117,57.13693618774414,0,5.400000214576721
160.35000637173653,160.65000638365746,160.500006377697,1756205474.00725,39074.00725007057,47.509906959139244,44.28620672671939,49.87085029624122,0,0.30000001192092896
52.95000210404396,54.750002175569534,53.85000213980675,1756205565.0122502,39165.01225018501,46.986392974853516,38.84228515625,52.88810348510742,0,1.8000000715255737
125.70000499486923,126.00000500679016,125.8500050008297,1756205820.1607502,39420.16075015068,47.20930580409484,44.69851458673805,50.45850853838091,0,0.30000001192092896
136.05000540614128,150.60000598430634,143.3250056952238,1756206074.0067499,39674.00674986839,55.5556640625,40.61904525756836,63.69743728637695,0,14.550000578165054
87.90000349283218,88.35000351071358,88.12500350177288,1756206169.79675,39769.796750068665,50.77948858818134,48.943936083469794,52.42285447085778,0,0.45000001788139343
49.50000196695328,49.95000198483467,49.725001975893974,1756206361.00175,39961.00174999237,47.50871939739186,47.26767947686319,48.195834150639094,0,0.45000001788139343
69.60000276565552,69.90000277757645,69.75000277161598,1756207157.2975001,40757.297500133514,46.25591741234945,45.64796214756419,47.111911904411194,0,0.30000001192092896
41.85000166296959,42.30000168085098,42.075001671910286,1756207157.2987502,40757.298750162125,47.672109962788156,43.54242934309549,49.75721241696852,0,0.45000001788139343
12.75000050663948,14.700000584125519,13.7250005453825,1756207177.4175,40777.41750001907,46.78373336791992,40.90751647949219,50.48538589477539,0,1.9500000774860382
87.75000348687172,88.20000350475311,87.97500349581242,1756207947.06225,41547.06224989891,47.28968777948327,45.55517649192766,50.650939893571525,0,0.45000001788139343
27.600001096725464,27.900001108646393,27.75000110268593,1756208316.18475,41916.18475008011,48.10819959021984,47.70896174937123,48.72074652693193,0,0.30000001192092896
96.75000384449959,97.05000385642052,96.90000385046005,1756208326.72225,41926.72224998474,47.35592903776808,46.91143403420095,47.81331641154896,0,0.30000001192092896
100.80000400543213,113.10000449419022,106.95000424981117,1756208431.1385,42031.138499975204,46.1441535949707,29.319660186767578,58.65596008300781,0,12.300000488758087
120.90000480413437,137.40000545978546,129.15000513195992,1756208739.17475,42339.174750089645,48.169288635253906,31.91730499267578,61.583091735839844,0,16.500000655651093
177.15000703930855,177.60000705718994,177.37500704824924,1756208748.51225,42348.512249946594,52.57073396366707,49.27811620185588,58.51790186602167,0,0.45000001788139343
95.55000379681587,95.8500038087368,95.70000380277634,1756208836.37375,42436.37374997139,48.893980414267354,45.15900324275201,50.91758378390024,0,0.30000001192092896
173.25000688433647,175.95000699162483,174.60000693798065,1756209119.5882502,42719.58825016022,49.011356353759766,42.79826736450195,54.62696075439453,0,2.7000001072883606
110.70000439882278,111.15000441670418,110.92500440776348,1756209336.2097502,42936.209750175476,54.85406691546537,47.05581500179454,60.15174428072095,0,0.45000001788139343
71.70000284910202,72.15000286698341,71.92500285804272,1756209430.4097502,43030.40975022316,51.66665186678623,51.09092350960069,52.264607024732484,0,0.45000001788139343
92.40000367164612,100.80000400543213,96.60000383853912,1756209629.22875,43229.22874999046,54.978355407714844,45.25485610961914,65.60941314697266,0,8.40000033378601
82.50000327825546,82.80000329017639,82.65000328421593,1756209726.8262498,43326.826249837875,49.92056534314073,47.6756398531267,53.4722655307246,0,0.30000001192092896
66.00000262260437,67.95000270009041,66.97500266134739,1756210217.26875,43817.268749952316,52.70421600341797,45.300846099853516,58.37217330932617,0,1.9500000774860382
167.2500066459179,179.40000712871552,173.3250068873167,1756210776.28125,44376.28125,52.452659606933594,38.491737365722656,60.7904052734375,0,12.150000482797623
59.5500023663044,59.85000237822533,59.70000237226486,1756210943.5874999,44543.58749985695,50.66865709033875,47.85913248665058,52.55682478545882,0,0.30000001192092896
123.45000490546227,123.90000492334366,123.67500491440296,1756211047.29775,44647.297749996185,52.510539683677415,48.675558698724295,58.32927039134493,0,0.45000001788139343
138.30000549554825,144.4500057399273,141.37500561773777,1756211363.299,44963.299000024796,53.19068145751953,35.454307556152344,62.20703887939453,0,6.150000244379044
126.90000504255295,127.9500050842762,127.42500506341457,1756211453.68775,45053.68775010109,49.07941436767578,45.2873649597168,52.32635498046875,0,1.0500000417232513
24.45000097155571,24.900000989437103,24.675000980496407,1756211674.0565,45274.05649995804,51.02269709776338,49.94910766603218,52.041661239934115,0,0.45000001788139343
88.80000352859497,89.1000035405159,88.95000353455544,1756212610.5192502,46210.519250154495,48.167221218841256,46.32244648430374,50.55370685278081,0,0.30000001192092896
72.75000289082527,73.0500029027462,72.90000289678574,1756212914.11925,46514.11925005913,46.99742736242545,44.63220879774792,49.009676239191236,0,0.30000001192092896
172.20000684261322,172.50000685453415,172.35000684857368,1756212922.6342502,46522.63425016403,47.48078846939419,45.85483289674834,50.165361216695445,0,0.30000001192092896
52.50000208616257,53.55000212788582,53.02500210702419,1756213772.2337499,47372.233749866486,50.897186279296875,47.35718536376953,53.10877990722656,0,1.0500000417232513
62.850002497434616,77.7000030875206,70.27500279247761,1756214265.46875,47865.46875,49.416412353515625,34.58032989501953,59.543453216552734,0,14.850000590085983
126.90000504255295,127.35000506043434,127.12500505149364,1756214362.6575,47962.65750002861,50.83277508865187,47.28759475167874,54.73533681580703,0,0.45000001788139343
132.90000528097153,137.7000054717064,135.30000537633896,1756214564.47125,48164.47125005722,54.826866149902344,45.507781982421875,61.69044876098633,0,4.800000190734863
53.85000213980675,54.150002151727676,54.00000214576721,1756214821.42475,48421.424750089645,47.35458423310509,46.72568858153642,48.007857903277625,0,0.30000001192092896
172.35000684857368,172.80000686645508,172.57500685751438,1756215356.7849998,48956.78499984741,48.84534354066882,45.46777020550977,53.506530416750444,0,0.45000001788139343
126.60000503063202,134.85000535845757,130.7250051945448,1756215423.6325,49023.63249993324,54.20574951171875,38.24386215209961,64.6440200805664,0,8.250000327825546
16.650000661611557,16.950000673532486,16.80000066757202,1756215714.7015,49314.701499938965,49.54900980695513,48.41903562052593,50.547930158606874,0,0.30000001192092896
19.80000078678131,20.250000804662704,20.025000795722008,1756215872.159,49472.15899991989,50.24132380064277,48.50860573071108,52.96570863540219,0,0.45000001788139343
46.80000185966492,93.90000373125076,70.35000279545784,1756216009.77775,49609.77775001526,44.978111267089844,18.97627067565918,64.91461181640625,0,47.100001871585846
28.950001150369644,45.45000180602074,37.20000147819519,1756216303.85275,49903.85275006294,58.377891540527344,43.832763671875,68.72509002685547,0,16.500000655651093
18.150000721216202,18.45000073313713,18.300000727176666,1756216915.009,50515.00900006294,49.82873079405166,47.81647684984131,51.16657545545771,0,0.30000001192092896
123.90000492334366,129.30000513792038,126.60000503063202,1756217218.059,50818.05900001526,48.671878814697266,37.80965042114258,54.048919677734375,0,5.400000214576721
137.85000547766685,141.450005620718,139.65000554919243,1756217312.1265001,50912.1265001297,47.91978454589844,39.86323928833008,53.97557830810547,0,3.6000001430511475
125.70000499486923,126.30000501871109,126.00000500679016,1756217348.88525,50948.88525009155,53.822258984479596,49.46437526262463,56.760622810909126,0,0.6000000238418579
40.9500016272068,41.25000163912773,41.10000163316727,1756217838.864,51438.864000082016,44.08279976588954,43.77579420894945,44.63265719430183,0,0.30000001192092896
16.0500006377697,17.10000067949295,16.575000658631325,1756218157.2315,51757.231499910355,54.55435025345722,49.77096854902021,59.161348222915834,0,1.0500000417232513
175.35000696778297,176.1000069975853,175.72500698268414,1756218946.41175,52546.4117500782,49.48964115949391,45.71149594282883,53.12765329910043,0,0.7500000298023224
110.10000437498093,160.95000639557838,135.52500538527966,1756219156.4915001,52756.49150013924,38.679046630859375,20.211891174316406,59.655357360839844,0,50.85000202059746
28.050001114606857,28.350001126527786,28.200001120567322,1756219156.49275,52756.49274992943,48.73150051308093,42.42715310039108,52.44180600192066,0,0.30000001192092896
22.200000882148743,24.900000989437103,23.550000935792923,1756219288.4865,52888.486500024796,47.22159194946289,37.9063720703125,55.3110466003418,0,2.7000001072883606
43.20000171661377,47.25000187754631,45.22500179708004,1756219461.32275,53061.32275009155,50.942718505859375,43.197513580322266,57.41714859008789,0,4.050000160932541
67.35000267624855,67.65000268816948,67.50000268220901,1756219761.95775,53361.957750082016,44.64728070450798,43.407414749899786,45.58912473106539,0,0.30000001192092896
55.05000218749046,55.35000219941139,55.20000219345093,1756219802.878,53402.87800002098,45.512958368753345,43.06875173644637,46.79400638780887,0,0.30000001192092896
86.10000342130661,90.60000360012054,88.35000351071358,1756220146.6542501,53746.65425014496,52.82073211669922,45.25083541870117,61.46611022949219,0,4.500000178813934
52.20000207424164,56.25000223517418,54.22500215470791,1756220503.72175,54103.72175002098,50.837650299072266,36.23869323730469,57.38548278808594,0,4.050000160932541
142.3500056564808,142.65000566840172,142.50000566244125,1756220861.8005002,54461.800500154495,49.065348823312554,48.821316168923374,49.32098160810248,0,0.30000001192092896
58.20000231266022,58.500002324581146,58.35000231862068,1756220861.8017502,54461.801750183105,45.58032207448567,44.77642095655848,46.350311209460074,0,0.30000001192092896
125.4000049829483,125.70000499486923,125.55000498890877,1756220855.63675,54455.636749982834,48.284064425615135,47.906017949628264,48.80756444510211,0,0.30000001192092896
165.75000658631325,169.50000673532486,167.62500666081905,1756221149.2267501,54749.22675013542,49.717979431152344,40.14730453491211,58.223472595214844,0,3.750000149011612
121.05000481009483,121.50000482797623,121.27500481903553,1756221544.45775,55144.457750082016,52.153185213907854,50.04931537198206,56.1129411073884,0,0.45000001788139343
172.6500068604946,173.100006878376,172.8750068694353,1756221944.68625,55544.68624997139,50.12239169206677,47.39999309401968,54.52212847553959,0,0.45000001788139343
68.55000272393227,72.15000286698341,70.35000279545784,1756221952.745,55552.74499988556,50.4710807800293,35.02153778076172,56.16685485839844,0,3.6000001430511475
170.5500067770481,176.1000069975853,173.3250068873167,1756221936.0149999,55536.014999866486,49.6194953918457,36.572471618652344,59.385372161865234,0,5.550000220537186
19.80000078678131,20.10000079870224,19.950000792741776,1756222038.52,55638.51999998093,46.90257236145168,41.959549730235246,51.58045703525655,0,0.30000001192092896
51.60000205039978,51.90000206232071,51.750002056360245,1756222093.3225,55693.32249999046,47.42999799810855,42.18141468157678,51.37967767484903,0,0.30000001192092896
116.25000461935997,118.50000470876694,117.37500466406345,1756222093.32875,55693.328749895096,49.06723403930664,44.58214569091797,54.36019515991211,0,2.250000089406967
139.95000556111336,146.25000581145287,143.1000056862831,1756222093.3799999,55693.37999987602,46.82585144042969,34.47468185424805,54.64750289916992,0,6.300000250339508
173.100006878376,180.90000718832016,177.00000703334808,1756222132.945,55732.94499993324,44.146610260009766,34.03120422363281,52.47550964355469,0,7.800000309944153
14.40000057220459,21.600000858306885,18.000000715255737,1756222132.94625,55732.94624996185,50.81873321533203,36.8922004699707,59.19366455078125,0,7.200000286102295
124.35000494122505,125.70000499486923,125.02500496804714,1756222134.28125,55734.28125,48.32002258300781,43.550106048583984,54.192535400390625,0,1.3500000536441803
30.300001204013824,30.600001215934753,30.45000120997429,1756222134.33875,55734.33874988556,50.87432556311464,49.4101424370557,52.27277236974511,0,0.30000001192092896
57.150002270936966,58.05000230669975,57.60000228881836,1756222134.37625,55734.37625002861,49.62427205950831,47.77260032885374,52.00174463777927,0,0.9000000357627869
21.15000084042549,21.45000085234642,21.300000846385956,1756222134.91375,55734.91374993324,51.467457084321914,49.485645511333615,52.585774254457924,0,0.30000001192092896
131.10000520944595,131.55000522732735,131.32500521838665,1756222134.99625,55734.99624991417,51.035772146718635,47.45160704653904,55.27828316519326,0,0.45000001788139343
167.40000665187836,174.75000694394112,171.07500679790974,1756222135.0562499,55735.05624985695,46.70655822753906,25.132177352905273,55.088462829589844,0,7.350000292062759
157.9500062763691,158.70000630617142,158.32500629127026,1756222135.1287498,55735.12874984741,49.553214597949896,46.61812685537261,51.770976552849504,0,0.7500000298023224
80.2500031888485,85.50000339746475,82.87500329315662,1756222193.2375,55793.237499952316,51.02308654785156,29.380189895629883,61.77727508544922,0,5.250000208616257
162.75000646710396,177.7500070631504,170.25000676512718,1756222209.3860002,55809.3860001564,58.12397384643555,40.48402786254883,69.58954620361328,0,15.000000596046448
66.60000264644623,70.20000278949738,68.4000027179718,1756222317.08,55917.079999923706,44.559261322021484,25.774917602539062,55.6138916015625,0,3.6000001430511475
178.80000710487366,179.1000071167946,178.95000711083412,1756222332.8899999,55932.889999866486,49.691340164946745,48.69319743475203,50.22374751272843,0,0.30000001192092896
24.75000098347664,32.1000012755394,28.42500112950802,1756222695.8985002,56295.898500204086,52.48568344116211,36.942543029785156,63.881813049316406,0,7.350000292062759
14.700000584125519,44.100001752376556,29.400001168251038,1756222699.1360002,56299.1360001564,42.13261032104492,10.0,63.1120491027832,0,29.400001168251038
179.8500071465969,180.7500071823597,180.3000071644783,1756222891.5645,56491.56450009346,47.1603889465332,42.1882438659668,52.81013107299805,0,0.9000000357627869
117.60000467300415,120.7500047981739,119.17500473558903,1756223071.2020001,56671.202000141144,49.82207107543945,41.45600128173828,59.26994323730469,0,3.150000125169754
55.35000219941139,64.35000255703926,59.85000237822533,1756223457.26725,57057.267250061035,52.88920974731445,42.13119125366211,63.345699310302734,0,9.000000357627869
52.050002068281174,52.3500020802021,52.20000207424164,1756224002.9565,57602.956500053406,48.54420792693717,44.804094135457376,51.57891751375901,0,0.30000001192092896
72.30000287294388,120.15000477433205,96.22500382363796,1756224253.3830001,57853.38300013542,49.01689910888672,23.92696762084961,66.30361938476562,0,47.85000190138817
147.45000585913658,177.90000706911087,162.67500646412373,1756224461.3842502,58061.38425016403,43.177398681640625,12.552724838256836,67.29521942138672,0,30.45000120997429
11.100000441074371,36.300001442432404,23.700000941753387,1756224451.8967502,58051.896750211716,45.45981216430664,16.627578735351562,67.35762023925781,0,25.200001001358032
155.55000618100166,155.8500061929226,155.70000618696213,1756224589.11925,58189.11925005913,48.10785381642855,44.390009240795024,53.19532853696015,0,0.30000001192092896
70.80000281333923,71.10000282526016,70.9500028192997,1756224545.74425,58145.74425005913,45.469572370428715,44.20648745416556,47.740276526974206,0,0.30000001192092896
42.45000168681145,46.80000185966492,44.62500177323818,1756224656.4367502,58256.43675017357,53.25297927856445,41.8681526184082,59.019981384277344,0,4.35000017285347
15.75000062584877,16.0500006377697,15.900000631809235,1756224656.4380002,58256.43800020218,46.83644717205112,45.72581201332486,47.891151471937334,0,0.30000001192092896
38.25000151991844,38.55000153183937,38.400001525878906,1756224976.3552501,58576.35525012016,51.96007199597005,48.00187631083567,54.62706387219409,0,0.30000001192092896
74.40000295639038,74.70000296831131,74.55000296235085,1756225123.26175,58723.261749982834,43.06371977049802,42.948848870000305,43.14899024273395,0,0.30000001192092896
176.85000702738762,180.3000071644783,178.57500709593296,1756225380.7102501,58980.71025013924,47.04795837402344,39.00203323364258,51.05939483642578,0,3.450000137090683
129.45000514388084,129.75000515580177,129.6000051498413,1756225458.335,59058.33500003815,44.869310723056195,44.57806229082977,45.22261608845393,0,0.30000001192092896
120.30000478029251,120.60000479221344,120.45000478625298,1756225554.20525,59154.205250024796,44.795983072728376,44.654274684525745,44.97841538326657,0,0.30000001192092896
48.750001937150955,49.20000195503235,48.97500194609165,1756225598.6115,59198.611500024796,44.35899686308048,42.61262868792493,46.16475513888566,0,0.45000001788139343
51.750002056360245,87.30000346899033,69.52500276267529,1756225825.5985,59425.59850001335,37.092342376708984,16.989700317382812,62.47930145263672,0,35.55000141263008
164.55000653862953,168.00000667572021,166.27500660717487,1756225835.3135002,59435.31350016594,55.9576301574707,49.27447509765625,62.56227111816406,0,3.450000137090683
151.95000603795052,152.25000604987144,152.10000604391098,1756226209.301,59809.301000118256,53.60026818568078,46.57314056945245,57.745293739650585,0,0.30000001192092896
80.70000320672989,86.10000342130661,83.40000331401825,1756226361.1897502,59961.18975019455,53.56694793701172,43.66758728027344,62.3003044128418,0,5.400000214576721
32.85000130534172,33.300001323223114,33.07500131428242,1756226475.6060002,60075.60600018501,47.61657910282722,47.02378831643762,48.014037100173546,0,0.45000001788139343
62.25000247359276,66.3000026345253,64.27500255405903,1756226839.0545,60439.054500103,52.77099609375,39.55302810668945,61.741966247558594,0,4.050000160932541
112.65000447630882,131.7000052332878,122.17500485479832,1756226913.7135,60513.71350002289,43.762672424316406,22.552722930908203,65.5458755493164,0,19.05000075697899
128.10000509023666,131.55000522732735,129.825005158782,1756226927.51325,60527.51325011253,51.46952819824219,40.65990447998047,62.08186721801758,0,3.450000137090683
86.70000344514847,87.0000034570694,86.85000345110893,1756227021.6495001,60621.64950013161,54.079061559054814,52.618407502285436,54.87845120111436,0,0.30000001192092896
134.2500053346157,170.25000676512718,152.25000604987144,1756227021.662,60621.66199994087,43.80665588378906,26.730209350585938,58.99497604370117,0,36.000001430511475
38.400001525878906,38.700001537799835,38.55000153183937,1756227307.3847501,60907.38475012779,43.98315168977444,43.21101099197822,45.38045624409143,0,0.30000001192092896
11.70000046491623,14.250000566244125,12.975000515580177,1756227342.2810001,60942.28100013733,58.83530807495117,51.4442138671875,65.8000717163086,0,2.550000101327896
90.30000358819962,90.60000360012054,90.45000359416008,1756227342.551,60942.551000118256,59.20109909238973,57.20078227535352,61.23036492661983,0,0.30000001192092896
158.55000630021095,162.1500064432621,160.35000637173653,1756227342.70475,60942.704750061035,54.472965240478516,44.624427795410156,62.59710693359375,0,3.6000001430511475
22.950000911951065,23.250000923871994,23.10000091791153,1756227342.71725,60942.71725010872,47.65199723673036,45.65788807262067,49.5549051756339,0,0.30000001192092896
79.8000031709671,80.2500031888485,80.0250031799078,1756227343.5547502,60943.554750204086,58.513895782584726,55.03691287680226,60.961937053020776,0,0.45000001788139343
26.250001043081284,26.550001055002213,26.400001049041748,1756227345.83225,60945.832250118256,49.90721122837156,46.58259494054264,53.71489016050898,0,0.30000001192092896
178.95000711083412,179.40000712871552,179.17500711977482,1756227348.60975,60948.609750032425,51.28965662534015,50.72084385539477,52.37475874328078,0,0.45000001788139343
22.650000900030136,23.10000091791153,22.875000908970833,1756228094.54,61694.53999996185,49.525617083494815,44.306393361646556,53.509125231278354,0,0.45000001788139343
155.4000061750412,155.70000618696213,155.55000618100166,1756228245.0135002,61845.01350021362,47.16856577616216,46.95858018678371,47.510249211406325,0,0.30000001192092896
51.00000202655792,51.60000205039978,51.30000203847885,1756228784.256,62384.25600004196,45.8274444170372,43.1987606673915,49.27955188610666,0,0.6000000238418579
152.70000606775284,161.2500064074993,156.97500623762608,1756229020.246,62620.2460000515,52.47264099121094,34.126285552978516,62.5047721862793,0,8.550000339746475
10.950000435113907,46.95000186562538,28.950001150369644,1756229331.51975,62931.519750118256,47.33483123779297,28.802417755126953,57.74835205078125,0,36.000001430511475
141.450005620718,141.9000056385994,141.6750056296587,1756229403.8825,63003.88249993324,48.66235335938882,48.31556252751564,49.23461629594374,0,0.45000001788139343
174.4500069320202,174.75000694394112,174.60000693798065,1756229541.47625,63141.47624993324,50.31181751525207,46.95402865905611,53.346889303066895,0,0.30000001192092896
73.20000290870667,73.5000029206276,73.35000291466713,1756229563.2175,63163.21749997139,43.023233381494485,42.09783014848515,44.11989876788859,0,0.30000001192092896
113.10000449419022,125.55000498890877,119.32500474154949,1756229499.2012498,63099.201249837875,48.47576141357422,36.26853561401367,58.18019485473633,0,12.450000494718552
171.4500068128109,176.5500070154667,174.0000069141388,1756229825.9675,63425.96749997139,46.28398132324219,25.5750732421875,51.99283218383789,0,5.100000202655792
174.75000694394112,180.15000715851784,177.45000705122948,1756229965.354,63565.35400009155,48.63607406616211,34.98448181152344,57.99163055419922,0,5.400000214576721
13.800000548362732,22.050000876188278,17.925000712275505,1756229965.3552501,63565.35525012016,51.79787063598633,37.578514099121094,65.58863830566406,0,8.250000327825546
79.35000315308571,79.65000316500664,79.50000315904617,1756229970.52375,63570.52375006676,50.518054650310184,49.50866048603678,51.70596110752036,0,0.30000001192092896
50.2500019967556,57.30000227689743,53.775002136826515,1756230350.41025,63950.4102499485,51.54971694946289,38.71806335449219,59.08145523071289,0,7.0500002801418304
167.40000665187836,167.85000666975975,167.62500666081905,1756230986.3915,64586.391499996185,52.433234789081304,48.822113687583844,56.8715603915036,0,0.45000001788139343
122.40000486373901,132.6000052690506,127.5000050663948,1756230998.71775,64598.71775007248,45.737728118896484,20.086002349853516,64.3617172241211,0,10.200000405311584
45.30000180006027,45.6000018119812,45.45000180602074,1756231375.67275,64975.672749996185,47.77395130241208,45.655881084643084,49.42087459610623,0,0.30000001192092896
57.30000227689743,59.70000237226486,58.500002324581146,1756231412.489,65012.489000082016,51.69242858886719,46.389183044433594,57.14311981201172,0,2.4000000953674316
49.80000197887421,50.100001990795135,49.95000198483467,1756231421.638,65021.638000011444,44.6918047731748,43.195432580773115,47.31991449018929,0,0.30000001192092896
78.15000310540199,78.60000312328339,78.37500311434269,1756231592.109,65192.108999967575,51.67031228731768,48.196426276186266,55.626686937272176,0,0.45000001788139343
151.2000060081482,151.50000602006912,151.35000601410866,1756231916.8642502,65516.864250183105,46.869797951100594,43.88598471825765,48.69020389925659,0,0.30000001192092896
13.500000536441803,13.800000548362732,13.650000542402267,1756231995.5755,65595.57550001144,55.6790984314165,52.75253751984276,58.660615654534645,0,0.30000001192092896
120.60000479221344,124.20000493526459,122.40000486373901,1756232122.15925,65722.15925002098,58.30610656738281,51.765716552734375,65.46229553222656,0,3.6000001430511475
82.350003272295,136.3500054180622,109.3500043451786,1756232292.7055001,65892.70550012589,40.733097076416016,17.40362548828125,65.42220306396484,0,54.00000214576721
154.20000612735748,157.80000627040863,156.00000619888306,1756232474.56675,66074.56675004959,49.735782623291016,39.19182586669922,57.4494514465332,0,3.6000001430511475
153.90000611543655,155.25000616908073,154.57500614225864,1756232654.18175,66254.18175005913,54.22963333129883,46.72273254394531,58.98355484008789,0,1.3500000536441803
36.15000143647194,36.60000145435333,36.375001445412636,1756232661.653,66261.65300011635,43.96206085237499,42.65808017686357,46.16601530278434,0,0.45000001788139343
160.35000637173653,174.0000069141388,167.17500664293766,1756232997.7367501,66597.73675012589,48.52236557006836,26.989700317382812,67.44065856933594,0,13.650000542402267
12.900000512599945,13.350000530481339,13.125000521540642,1756232997.7380002,66597.7380001545,49.88754104992685,49.0286192251678,50.581374112652156,0,0.45000001788139343
77.2500030696392,79.8000031709671,78.52500312030315,1756233006.513,66606.51300001144,44.21006774902344,27.050079345703125,53.18251037597656,0,2.550000101327896
78.75000312924385,80.85000321269035,79.8000031709671,1756234481.11625,68081.11625003815,50.102962493896484,43.848548889160156,58.06627655029297,0,2.1000000834465027
33.45000132918358,33.75000134110451,33.60000133514404,1756234554.54,68154.53999996185,49.360708771750275,46.06263100511947,51.799709472556984,0,0.30000001192092896
84.4500033557415,124.05000492930412,104.25000414252281,1756234612.54375,68212.54375004768,56.95592498779297,22.69512939453125,86.15206909179688,0,39.60000157356262
157.0500062406063,157.35000625252724,157.20000624656677,1756234660.3225,68260.32249999046,48.70739803502843,45.10853196298059,52.25957654133407,0,0.30000001192092896
36.90000146627426,51.60000205039978,44.25000175833702,1756234660.34125,68260.34124994278,49.92613220214844,34.07050704956055,57.899452209472656,0,14.700000584125519
176.5500070154667,178.80000710487366,177.67500706017017,1756235043.5097501,68643.50975012779,53.41685104370117,44.499717712402344,58.412757873535156,0,2.250000089406967
70.20000278949738,75.30000299215317,72.75000289082527,1756235060.8585,68660.85850000381,55.12876510620117,36.964439392089844,64.74958801269531,0,5.100000202655792
45.6000018119812,45.90000182390213,45.750001817941666,1756235270.3685002,68870.3685002327,45.964004265583874,44.92019641665868,46.715708407336635,0,0.30000001192092896
15.300000607967377,18.150000721216202,16.72500066459179,1756235699.18375,69299.18374991417,49.34528732299805,42.07769012451172,54.68251037597656,0,2.850000113248825
180.7500071823597,181.05000719428062,180.90000718832016,1756235878.37375,69478.37374997139,51.16598189442505,49.852962111162725,52.19382786511683,0,0.30000001192092896
24.900000989437103,34.350001364946365,29.625001177191734,1756235878.3887498,69478.38874983788,50.925994873046875,30.511524200439453,62.84520721435547,0,9.450000375509262
144.15000572800636,145.95000579953194,145.05000576376915,1756235960.40125,69560.40124988556,58.10183026379779,55.65670760378518,60.962866137943344,0,1.8000000715255737
30.600001215934753,31.350001245737076,30.975001230835915,1756236266.664,69866.66400003433,53.04295044101803,51.54737331177972,55.41424467761381,0,0.7500000298023224
146.25000581145287,166.50000661611557,156.37500621378422,1756236367.59775,69967.5977499485,44.240081787109375,23.92696762084961,59.33995056152344,0,20.250000804662704
128.70000511407852,129.6000051498413,129.15000513195992,1756236498.5215,70098.52150011063,57.1166877746582,50.43794250488281,64.60916137695312,0,0.9000000357627869
57.60000228881836,67.50000268220901,62.55000248551369,1756236511.55525,70111.55524992943,62.32373046875,49.54324722290039,71.90251159667969,0,9.900000393390656
26.10000103712082,26.550001055002213,26.325001046061516,1756236547.39525,70147.39525008202,53.32788589417856,52.12972887090288,56.433065710413445,0,0.45000001788139343
17.850000709295273,18.300000727176666,18.07500071823597,1756236898.4290001,70498.42900013924,55.42182427866021,54.15951079503691,56.65171829883519,0,0.45000001788139343
163.65000650286674,164.2500065267086,163.95000651478767,1756237087.4177501,70687.41775012016,52.276529106526276,47.19786891364926,55.98855044472478,0,0.6000000238418579
113.40000450611115,130.0500051677227,121.72500483691692,1756237624.0565,71224.05649995804,49.02975082397461,35.62411880493164,58.04572296142578,0,16.650000661611557
110.25000438094139,110.55000439286232,110.40000438690186,1756237683.0115001,71283.01150012016,48.336206607269354,47.67467555373595,49.57252811767583,0,0.30000001192092896
126.60000503063202,129.6000051498413,128.10000509023666,1756237811.77775,71411.77775001526,54.8185920715332,43.545501708984375,59.96824645996094,0,3.0000001192092896
156.60000622272491,156.90000623464584,156.75000622868538,1756237905.46525,71505.46525001526,47.508469077095334,45.27346292603316,48.6398272415212,0,0.30000001192092896
74.25000295042992,74.55000296235085,74.40000295639038,1756237910.7715,71510.77150011063,43.81255113536073,42.95039028787595,44.65234094988014,0,0.30000001192092896
44.100001752376556,44.400001764297485,44.25000175833702,1756237869.4215,71469.42149996758,47.11615616544673,45.64606892035648,48.1806085675774,0,0.30000001192092896
65.8500026166439,66.3000026345253,66.0750026255846,1756237984.2015,71584.20149993896,51.5626271075153,50.26398420281077,52.84985374033226,0,0.45000001788139343
24.15000095963478,27.450001090765,25.80000102519989,1756238197.7302501,71797.73025012016,52.750980377197266,45.90663528442383,60.98247146606445,0,3.3000001311302185
28.650001138448715,38.25000151991844,33.45000132918358,1756238314.4715,71914.47149991989,49.62260437011719,28.0140380859375,60.439395904541016,0,9.600000381469727
57.450002282857895,60.450002402067184,58.95000234246254,1756238728.37275,72328.37275004387,49.75244903564453,31.77536392211914,57.140037536621094,0,3.0000001192092896
133.35000529885292,174.60000693798065,153.9750061184168,1756239181.3165,72781.3164999485,40.7730712890625,18.750612258911133,64.12232208251953,0,41.25000163912773
49.35000196099281,81.30000323057175,65.32500259578228,1756239190.009,72790.00900006294,62.049678802490234,44.80150604248047,74.10650634765625,0,31.950001269578934
61.20000243186951,61.500002443790436,61.35000243782997,1756239562.3442502,73162.34425020218,47.45650173656724,47.03437551658997,48.01513470422792,0,0.30000001192092896
35.55000141263008,38.10000151395798,36.82500146329403,1756239741.7395,73341.73950004578,47.5790901184082,40.530399322509766,56.03619384765625,0,2.550000101327896
80.2500031888485,83.85000333189964,82.05000326037407,1756239916.17975,73516.17974996567,43.62653350830078,26.503074645996094,53.058284759521484,0,3.6000001430511475
78.30000311136246,124.20000493526459,101.25000402331352,1756239929.566,73529.56599998474,55.21251678466797,23.24282455444336,86.06011962890625,0,45.90000182390213
146.25000581145287,146.70000582933426,146.47500582039356,1756240004.16225,73604.16225004196,57.118989447514835,55.09727929284898,58.76549210194874,0,0.45000001788139343
81.30000323057175,86.25000342726707,83.77500332891941,1756240004.5685,73604.56850004196,49.629920959472656,24.983104705810547,60.21613311767578,0,4.950000196695328
23.700000941753387,30.900001227855682,27.300001084804535,1756239938.0632498,73538.06324982643,62.25282669067383,43.987037658691406,72.60813903808594,0,7.200000286102295
62.55000248551369,129.30000513792038,95.92500381171703,1756240151.605,73751.60500001907,46.84762191772461,7.78151273727417,85.95000457763672,0,66.75000265240669
162.6000064611435,165.00000655651093,163.8000065088272,1756240308.3825002,73908.38250017166,50.143184661865234,44.14472198486328,56.607421875,0,2.4000000953674316
112.05000445246696,131.55000522732735,121.80000483989716,1756240840.159,74440.15899991989,57.2041015625,39.26445388793945,67.55448913574219,0,19.500000774860382
57.150002270936966,70.05000278353691,63.60000252723694,1756241082.1327498,74682.13274979591,47.34260940551758,19.138137817382812,61.162715911865234,0,12.900000512599945
25.650001019239426,36.15000143647194,30.900001227855682,1756241402.1555,75002.15549993515,46.26226806640625,30.59563446044922,54.54050064086914,0,10.500000417232513
138.75000551342964,139.20000553131104,138.97500552237034,1756241556.7702498,75156.7702498436,49.21818669309965,48.49665055478732,49.71915683148029,0,0.45000001788139343
167.7000066637993,170.70000678300858,169.20000672340393,1756241657.68125,75257.68125009537,53.657161712646484,46.461585998535156,61.6493034362793,0,3.0000001192092896
172.80000686645508,173.40000689029694,173.100006878376,1756242067.0195,75667.01950001717,53.127384282544995,48.99141728992949,56.45813154935595,0,0.6000000238418579
66.00000262260437,77.55000308156013,71.77500285208225,1756242587.05675,76187.05675005913,53.90826416015625,31.809856414794922,64.13941955566406,0,11.550000458955765
155.4000061750412,169.3500067293644,162.3750064522028,1756242637.1577501,76237.1577501297,57.84870910644531,46.11712646484375,70.41214752197266,0,13.950000554323196
82.05000326037407,82.350003272295,82.20000326633453,1756242711.94175,76311.94175004959,54.74399858874469,53.5465768559049,57.07674053726386,0,0.30000001192092896
26.85000106692314,27.15000107884407,27.000001072883606,1756243050.16025,76650.1602499485,48.559813572198685,45.238894743805005,53.99478158426867,0,0.30000001192092896
155.55000618100166,155.8500061929226,155.70000618696213,1756243091.094,76691.09400010109,54.26760944267857,53.969156036491476,54.599214618808816,0,0.30000001192092896
84.60000336170197,84.9000033736229,84.75000336766243,1756243355.9165,76955.91650009155,54.649953352911474,52.70569375484744,55.85788864460736,0,0.30000001192092896
35.55000141263008,84.60000336170197,60.07500238716602,1756243526.88525,77126.88525009155,34.599021911621094,10.0,60.89363098144531,0,49.050001949071884
65.70000261068344,69.45000275969505,67.57500268518925,1756243535.154,77135.15400004387,52.140892028808594,43.11796188354492,59.13622283935547,0,3.750000149011612
153.45000609755516,180.7500071823597,167.10000663995743,1756243845.08875,77445.08874988556,51.84403991699219,21.205739974975586,67.73407745361328,0,27.300001084804535
10.500000417232513,10.800000429153442,10.650000423192978,1756243845.09,77445.08999991417,65.31362648832167,62.87608045135511,67.35837855579553,0,0.30000001192092896
72.30000287294388,73.80000293254852,73.0500029027462,1756244012.185,77612.18499994278,51.91158676147461,45.24214172363281,59.119529724121094,0,1.5000000596046448
15.000000596046448,43.350001722574234,29.17500115931034,1756244320.79,77920.78999996185,40.504127502441406,21.038036346435547,54.911643981933594,0,28.350001126527786
114.4500045478344,118.05000469088554,116.25000461935997,1756244500.19475,78100.19475007057,51.96283721923828,38.03730392456055,60.3685188293457,0,3.6000001430511475
136.50000542402267,140.10000556707382,138.30000549554825,1756244765.9832501,78365.98325014114,50.234825134277344,43.49976348876953,55.86888885498047,0,3.6000001430511475
77.10000306367874,123.60000491142273,100.35000398755074,1756244920.756,78520.75600004196,59.039215087890625,22.900344848632812,83.1819839477539,0,46.50000184774399
115.05000457167625,115.65000459551811,115.35000458359718,1756244945.2085001,78545.20850014687,47.5124186923681,43.792511141993195,49.71136629476806,0,0.6000000238418579
46.65000185370445,50.55000200867653,48.60000193119049,1756245392.257,78992.25699996948,50.86692428588867,43.723777770996094,55.537254333496094,0,3.9000001549720764
121.50000482797623,121.95000484585762,121.72500483691692,1756245609.6907501,79209.69075012207,51.10610306713732,50.1679106904454,51.72728414845301,0,0.45000001788139343
59.5500023663044,63.00000250339508,61.27500243484974,1756246010.4835,79610.48350000381,52.62913131713867,47.70454406738281,59.0302619934082,0,3.450000137090683
134.10000532865524,167.2500066459179,150.67500598728657,1756246266.732,79866.73200011253,48.8140754699707,22.62451171875,64.39875030517578,0,33.15000131726265
163.65000650286674,171.60000681877136,167.62500666081905,1756246274.8760002,79874.87600016594,53.09487533569336,40.61112976074219,65.55815124511719,0,7.950000315904617
131.40000522136688,134.85000535845757,133.12500528991222,1756246955.3472502,80555.34725022316,57.48667526245117,48.52547073364258,62.39760971069336,0,3.450000137090683
22.8000009059906,23.10000091791153,22.950000911951065,1756247158.9445,80758.94449996948,46.591106089267065,44.89198854250677,48.12244696800369,0,0.30000001192092896
36.000001430511475,51.750002056360245,43.87500174343586,1756247338.35975,80938.35975003242,53.69184875488281,40.3654899597168,64.11820220947266,0,15.75000062584877
163.0500064790249,166.50000661611557,164.77500654757023,1756247699.3572502,81299.35725021362,52.68793869018555,40.842899322509766,61.211036682128906,0,3.450000137090683
20.250000804662704,21.15000084042549,20.700000822544098,1756247880.13225,81480.13225007057,55.18310904094098,51.74106347171787,60.11874385640189,0,0.9000000357627869
52.95000210404396,64.2000025510788,58.57500232756138,1756247981.7675,81581.7674999237,45.268341064453125,22.22716522216797,59.92729187011719,0,11.250000447034836
81.00000321865082,81.9000032544136,81.45000323653221,1756248229.33775,81829.33774995804,53.1883659362793,47.88896179199219,60.45491027832031,0,0.9000000357627869
144.75000575184822,151.6500060260296,148.2000058889389,1756248583.32275,82183.32275009155,50.343868255615234,40.83359146118164,57.47932052612305,0,6.900000274181366
14.250000566244125,14.700000584125519,14.475000575184822,1756248583.354,82183.35400009155,57.03408800472586,56.02617701485124,57.61217208403831,0,0.45000001788139343
12.300000488758087,13.650000542402267,12.975000515580177,1756248951.724,82551.72399997711,50.07994079589844,47.23644256591797,52.92053985595703,0,1.3500000536441803
152.8500060737133,160.0500063598156,156.45000621676445,1756249299.73175,82899.73175001144,51.56547546386719,39.497802734375,59.271644592285156,0,7.200000286102295
56.100002229213715,93.00000369548798,74.55000296235085,1756249479.3415,83079.34150004387,43.25502014160156,14.313638687133789,66.27702331542969,0,36.90000146627426
117.75000467896461,121.65000483393669,119.70000475645065,1756249624.93925,83224.93924999237,52.19560241699219,44.64519500732422,58.761383056640625,0,3.9000001549720764
141.30000561475754,145.20000576972961,143.25000569224358,1756249856.50775,83456.50775003433,54.26927947998047,45.18579864501953,59.17201232910156,0,3.9000001549720764
111.60000443458557,112.65000447630882,112.1250044554472,1756249960.9415,83560.9414999485,56.10072327579766,50.97906010170804,60.55616057820039,0,1.0500000417232513
176.40000700950623,176.85000702738762,176.62500701844692,1756250474.3675,84074.36750006676,51.781182565951,50.1861313179361,53.05776855541532,0,0.45000001788139343
176.25000700354576,176.70000702142715,176.47500701248646,1756250629.36625,84229.36625003815,55.31579786197585,50.732820042677616,59.14740241252862,0,0.45000001788139343
17.40000069141388,17.850000709295273,17.625000700354576,1756250629.3675,84229.36750006676,50.66415991598591,48.24899971785027,52.798083404498605,0,0.45000001788139343
39.15000155568123,39.45000156760216,39.30000156164169,1756250809.36375,84409.36374998093,49.204403310754834,46.40322398432747,53.04684365974386,0,0.30000001192092896
33.15000131726265,33.45000132918358,33.300001323223114,1756251137.3872502,84737.38725018501,48.65629087190308,47.10574276760383,49.8728631450231,0,0.30000001192092896
168.00000667572021,171.60000681877136,169.8000067472458,1756251205.5660002,84805.56600022316,54.089332580566406,39.66329574584961,60.28498840332031,0,3.6000001430511475
49.80000197887421,64.50000256299973,57.150002270936966,1756251291.78,84891.77999997139,49.103824615478516,25.250450134277344,59.15747833251953,0,14.700000584125519
144.75000575184822,170.85000678896904,157.80000627040863,1756251595.3760002,85195.37600016594,47.51362609863281,27.993404388427734,59.866065979003906,0,26.10000103712082
145.95000579953194,150.45000597834587,148.2000058889389,1756252545.8015,86145.80150008202,56.61852264404297,49.585540771484375,63.06572341918945,0,4.500000178813934
161.7000064253807,165.30000656843185,163.50000649690628,1756252590.6990001,86190.69900012016,50.86882781982422,45.4404296875,58.467716217041016,0,3.6000001430511475
70.20000278949738,96.75000384449959,83.47500331699848,1756253064.5219998,264.521999835968,54.51528549194336,26.901960372924805,69.84720611572266,0,26.550001055002213
154.5000061392784,170.40000677108765,162.45000645518303,1756253072.40325,272.40324997901917,43.79225158691406,23.463531494140625,64.35262298583984,0,15.900000631809235
85.20000338554382,85.50000339746475,85.35000339150429,1756253480.6595,680.6594998836517,54.277522151498864,51.27461162511537,59.437091369040814,0,0.30000001192092896
158.55000630021095,158.85000631213188,158.70000630617142,1756254083.97325,1283.973249912262,57.632682854640755,56.85922582357713,59.155639179226185,0,0.30000001192092896
170.70000678300858,171.0000067949295,170.85000678896904,1756254372.2695,1572.2695000171661,57.09775057713093,54.55122110424661,60.35157067773335,0,0.30000001192092896
169.05000671744347,169.3500067293644,169.20000672340393,1756255287.888,2487.888000011444,59.78496654975951,57.09997134403815,62.923686188110615,0,0.30000001192092896
22.8000009059906,23.250000923871994,23.025000914931297,1756255710.8305001,2910.830500125885,57.60623172994488,50.6918692515191,63.10304928309701,0,0.45000001788139343
123.60000491142273,124.05000492930412,123.82500492036343,1756256478.3627498,3678.362749814987,55.67994993729496,52.942523330681354,57.32439599599002,0,0.45000001788139343
91.6500036418438,92.10000365972519,91.87500365078449,1756256768.7755,3968.775500059128,57.1818906733296,55.32849887803916,58.58447562450734,0,0.45000001788139343
18.000000715255737,19.350000768899918,18.675000742077827,1756257247.5995,4447.599499940872,58.36541748046875,49.615684509277344,65.24813842773438,0,1.3500000536441803
69.60000276565552,69.90000277757645,69.75000277161598,1756259112.46125,6312.461250066757,55.72139144290159,54.394037543861415,57.52659105224181,0,0.30000001192092896
161.85000643134117,173.70000690221786,167.77500666677952,1756259291.6750002,6491.675000190735,61.134002685546875,50.14570617675781,70.5208740234375,0,11.850000470876694
73.35000291466713,73.80000293254852,73.57500292360783,1756259398.065,6598.0650000572205,57.197934263054385,56.1407950927518,58.24678280020723,0,0.45000001788139343
157.80000627040863,168.4500066936016,163.12500648200512,1756259577.67125,6777.671250104904,54.07265853881836,41.12135314941406,62.271812438964844,0,10.650000423192978
136.65000542998314,136.95000544190407,136.8000054359436,1756259983.6575,7183.65750002861,50.58266149590677,49.36639388214444,52.953625485741085,0,0.30000001192092896
151.50000602006912,155.25000616908073,153.37500609457493,1756260445.6742501,7645.674250125885,55.70124053955078,48.22246551513672,62.53761291503906,0,3.750000149011612
136.20000541210175,137.7000054717064,136.95000544190407,1756260556.0605001,7756.0605001449585,53.08797836303711,47.4044189453125,58.602508544921875,0,1.5000000596046448
15.600000619888306,15.900000631809235,15.75000062584877,1756260844.06775,8044.067749977112,52.89350677707952,51.19470343473499,54.76215530758638,0,0.30000001192092896
94.35000374913216,94.80000376701355,94.57500375807285,1756261133.27,8333.269999980927,52.406777938369316,49.77874439281332,55.54876641862482,0,0.45000001788139343
54.00000214576721,69.45000275969505,61.72500245273113,1756261317.68375,8517.68374991417,58.03281021118164,40.70259475708008,68.48656463623047,0,15.450000613927841
172.6500068604946,173.100006878376,172.8750068694353,1756261423.6775,8623.677500009537,52.61242169682739,50.44649496035543,54.52392183626455,0,0.45000001788139343
16.0500006377697,16.350000649690628,16.200000643730164,1756261423.67875,8623.678750038147,52.14221424908025,50.1612203579998,53.55114221869333,0,0.30000001192092896
62.850002497434616,63.150002509355545,63.00000250339508,1756262186.6735,9386.673500061035,50.66514986106315,48.690086463651774,54.38736907098793,0,0.30000001192092896
47.55000188946724,48.00000190734863,47.775001898407936,1756262302.06975,9502.069750070572,55.1272106436905,51.47280487721033,56.401702633381,0,0.45000001788139343
21.75000086426735,31.650001257658005,26.700001060962677,1756262808.70625,10008.706249952316,53.694766998291016,31.81271743774414,64.13116455078125,0,9.900000393390656
77.55000308156013,80.2500031888485,78.90000313520432,1756263206.8775,10406.87750005722,55.400115966796875,44.725372314453125,61.17393112182617,0,2.7000001072883606
148.35000589489937,155.70000618696213,152.02500604093075,1756263514.075,10714.075000047684,51.28485870361328,40.042781829833984,60.194976806640625,0,7.350000292062759
139.50000554323196,139.95000556111336,139.72500555217266,1756263979.686,11179.686000108719,46.28689216924052,45.20967995333214,47.81970673912552,0,0.45000001788139343
129.15000513195992,136.05000540614128,132.6000052690506,1756264081.67475,11281.674750089645,49.08134078979492,38.52845764160156,56.49510955810547,0,6.900000274181366
31.650001257658005,39.30000156164169,35.47500140964985,1756264351.6735,11551.673500061035,51.79595184326172,42.071224212646484,60.41440963745117,0,7.650000303983688
34.95000138878822,35.25000140070915,35.10000139474869,1756264531.66625,11731.666249990463,51.56698379500096,50.34556268717809,52.71706884680423,0,0.30000001192092896
177.7500070631504,178.2000070810318,177.9750070720911,1756264531.68,11731.680000066757,49.406224583916355,48.798238740108424,49.77938413636947,0,0.45000001788139343
125.25000497698784,125.55000498890877,125.4000049829483,1756264637.26625,11837.266249895096,50.55813042711284,48.46027675364379,54.41038092421571,0,0.30000001192092896
145.05000576376915,146.85000583529472,145.95000579953194,1756264938.45625,12138.456249952316,52.177635192871094,45.424644470214844,57.6158561706543,0,1.8000000715255737
131.55000522732735,145.35000577569008,138.4500055015087,1756265226.4610002,12426.461000204086,50.36177062988281,27.29974365234375,58.72545623779297,0,13.800000548362732
56.400002241134644,62.850002497434616,59.62500236928463,1756265512.08225,12712.082250118256,50.170536041259766,40.55416488647461,59.31959533691406,0,6.4500002562999725
81.9000032544136,90.45000359416008,86.17500342428684,1756265691.6897502,12891.68975019455,56.676448822021484,43.360992431640625,66.2638168334961,0,8.550000339746475
166.05000659823418,174.4500069320202,170.25000676512718,1756265791.6785002,12991.678500175476,53.07172775268555,40.517696380615234,60.55353546142578,0,8.40000033378601
129.15000513195992,136.65000542998314,132.90000528097153,1756266649.61,13849.609999895096,49.66249084472656,40.06166458129883,56.6676139831543,0,7.500000298023224
51.90000206232071,52.20000207424164,52.050002068281174,1756266829.61225,14029.612250089645,50.89090583302726,47.245216271185626,56.506833603813284,0,0.30000001192092896
16.350000649690628,29.85000118613243,23.10000091791153,1756267117.5874999,14317.587499856949,45.67039489746094,20.453227996826172,55.867000579833984,0,13.500000536441803
155.25000616908073,163.0500064790249,159.1500063240528,1756267229.185,14429.18499994278,51.29839324951172,42.54547882080078,58.47983932495117,0,7.800000309944153
48.60000193119049,49.050001949071884,48.82500194013119,1756267408.58625,14608.586250066757,50.388985383513194,45.20483532740791,55.14976522943614,0,0.45000001788139343
21.900000870227814,22.200000882148743,22.050000876188278,1756267691.56,14891.55999994278,50.4770369709569,48.80167384435361,51.49354616033284,0,0.30000001192092896
161.55000641942024,175.80000698566437,168.6750067025423,1756267799.1325,14999.132499933243,49.50546646118164,33.34855651855469,60.62723159790039,0,14.250000566244125
61.500002443790436,86.40000343322754,73.95000293850899,1756268099.10125,15299.101249933243,44.3056526184082,18.512584686279297,59.16362762451172,0,24.900000989437103
180.7500071823597,181.2000072002411,180.9750071913004,1756268125.08375,15325.083750009537,55.44962816366085,53.88807865301498,59.096469434462065,0,0.45000001788139343
158.70000630617142,159.00000631809235,158.85000631213188,1756268298.4985,15498.498500108719,53.54542019612063,51.4368603172757,55.071620651136385,0,0.30000001192092896
76.80000305175781,82.350003272295,79.5750031620264,1756268298.4997501,15498.49975013733,50.435184478759766,36.67546081542969,56.42350769042969,0,5.550000220537186
16.350000649690628,26.10000103712082,21.225000843405724,1756268678.651,15878.651000022888,47.52345275878906,29.21686363220215,58.985107421875,0,9.750000387430191
139.05000552535057,139.50000554323196,139.27500553429127,1756268729.0847502,15929.084750175476,50.525290211859655,48.23878339266514,53.807863010074215,0,0.45000001788139343
176.85000702738762,177.15000703930855,177.00000703334808,1756268873.4160001,16073.416000127792,49.07810576389764,46.351921086389396,52.68919470095427,0,0.30000001192092896
55.95000222325325,64.35000255703926,60.150002390146255,1756268972.61225,16172.612250089645,51.55638122558594,37.7720947265625,59.85722351074219,0,8.40000033378601
138.00000548362732,138.4500055015087,138.22500549256802,1756269152.3997502,16352.399750232697,52.27043617013069,50.266639826045434,53.54910949856924,0,0.45000001788139343
83.85000333189964,84.15000334382057,84.00000333786011,1756269439.38225,16639.382250070572,50.00611381713401,49.345943894270206,50.88812706217688,0,0.30000001192092896
138.60000550746918,140.2500055730343,139.42500554025173,1756269673.9697502,16873.96975016594,52.34177780151367,46.82596206665039,56.57547378540039,0,1.6500000655651093
148.35000589489937,157.20000624656677,152.77500607073307,1756269818.59225,17018.59225010872,52.536903381347656,42.91657257080078,61.05399703979492,0,8.850000351667404
12.900000512599945,16.0500006377697,14.475000575184822,1756270132.9810002,17332.981000185013,49.149967193603516,36.616233825683594,56.13970947265625,0,3.150000125169754
172.80000686645508,174.75000694394112,173.7750069051981,1756270312.3725,17512.37249994278,54.90041732788086,50.331581115722656,61.4161262512207,0,1.9500000774860382
16.350000649690628,70.65000280737877,43.5000017285347,1756270862.3165,18062.3164999485,53.56466293334961,35.299434661865234,69.0523452758789,0,54.30000215768814
82.95000329613686,94.20000374317169,88.57500351965427,1756270950.09925,18150.0992500782,48.8875846862793,23.22219467163086,60.27500534057617,0,11.250000447034836
153.90000611543655,180.60000717639923,167.2500066459179,1756271145.28675,18345.2867500782,58.197853088378906,35.64784240722656,71.79020690917969,0,26.700001060962677
45.30000180006027,48.90000194311142,47.100001871585846,1756271176.098,18376.09800004959,45.066162109375,30.59563446044922,55.7615966796875,0,3.6000001430511475
41.55000165104866,42.30000168085098,41.92500166594982,1756271239.2705002,18439.270500183105,51.81227563396126,46.5968806428353,54.26945338843894,0,0.7500000298023224
45.6000018119812,49.50000196695328,47.55000188946724,1756271419.2755,18619.275500059128,52.58482360839844,46.25425720214844,59.739501953125,0,3.9000001549720764
169.50000673532486,180.7500071823597,175.12500695884228,1756271512.85825,18712.858249902725,48.28709030151367,31.25156021118164,56.49566650390625,0,11.250000447034836
40.80000162124634,57.750002294778824,49.27500195801258,1756271815.2407498,19015.240749835968,51.86128234863281,34.868553161621094,61.647369384765625,0,16.950000673532486
51.750002056360245,54.750002175569534,53.25000211596489,1756271995.2385,19195.238500118256,51.94887161254883,41.24992752075195,58.35364532470703,0,3.0000001192092896
139.8000055551529,167.2500066459179,153.5250061005354,1756272087.6235,19287.62350010872,46.89390563964844,25.47774887084961,57.14744567871094,0,27.450001090765
58.05000230669975,58.35000231862068,58.20000231266022,1756272663.598,19863.59800004959,50.61366581274473,47.494812278953695,54.51881570891037,0,0.30000001192092896
149.1000059247017,149.40000593662262,149.25000593066216,1756272901.2012498,20101.201249837875,50.98727924968552,47.277607886312616,53.03770415427499,0,0.30000001192092896
45.15000179409981,45.45000180602074,45.30000180006027,1756273164.9375,20364.9375,47.82786276655553,45.26326351766489,50.253263503704034,0,0.30000001192092896
76.05000302195549,86.550003439188,81.30000323057175,1756273277.966,20477.96600008011,50.86900329589844,36.98796081542969,60.10847473144531,0,10.500000417232513
153.00000607967377,156.75000622868538,154.87500615417957,1756273371.3085,20571.3085000515,47.629737854003906,32.56476974487305,54.64271926879883,0,3.750000149011612
12.600000500679016,14.550000578165054,13.575000539422035,1756273371.30975,20571.30975008011,50.906307220458984,44.792442321777344,58.88159942626953,0,1.9500000774860382
38.8500015437603,43.65000173449516,41.25000163912773,1756273581.5422502,20781.542250156403,50.32955551147461,41.674949645996094,58.801998138427734,0,4.800000190734863
33.15000131726265,48.90000194311142,41.025001630187035,1756273761.12975,20961.12975001335,58.178253173828125,33.17854309082031,67.688720703125,0,15.75000062584877
22.8000009059906,23.10000091791153,22.950000911951065,1756273851.50725,21051.507250070572,49.78099241874611,46.919209649064655,51.56658165551967,0,0.30000001192092896
52.20000207424164,91.80000364780426,72.00000286102295,1756274058.09975,21258.09975004196,51.35486602783203,27.497364044189453,67.80586242675781,0,39.60000157356262
135.6000053882599,140.85000559687614,138.22500549256802,1756274157.4797502,21357.479750156403,53.57419967651367,39.8475227355957,61.64926528930664,0,5.250000208616257
118.35000470280647,138.30000549554825,128.32500509917736,1756274343.0722501,21543.072250127792,58.449859619140625,43.922393798828125,68.08924865722656,0,19.950000792741776
161.40000641345978,168.4500066936016,164.9250065535307,1756274316.8435001,21516.84350013733,49.61772537231445,25.490034103393555,57.122806549072266,0,7.0500002801418304
148.2000058889389,153.90000611543655,151.05000600218773,1756274440.6525,21640.65249991417,53.59121322631836,38.13914489746094,61.89376449584961,0,5.70000022649765
144.30000573396683,144.60000574588776,144.4500057399273,1756274491.29725,21691.297250032425,59.1667419398538,58.871123927642444,59.45583790835101,0,0.30000001192092896
48.00000190734863,52.20000207424164,50.100001990795135,1756275307.0540001,22507.054000139236,51.04954528808594,41.542110443115234,58.97272491455078,0,4.200000166893005
153.15000608563423,175.35000696778297,164.2500065267086,1756275585.45775,22785.457750082016,38.8078498840332,14.913617134094238,56.960899353027344,0,22.200000882148743
154.5000061392784,168.60000669956207,161.55000641942024,1756275765.0640001,22965.0640001297,45.05290222167969,30.71145248413086,58.58339309692383,0,14.100000560283661
169.3500067293644,176.40000700950623,172.8750068694353,1756275853.05275,23053.052750110626,50.22127151489258,29.689498901367188,58.347557067871094,0,7.0500002801418304
177.45000705122948,177.7500070631504,177.60000705718994,1756276645.01875,23845.018749952316,54.64893847012335,52.91641863911222,55.8892909514191,0,0.30000001192092896
127.20000505447388,144.75000575184822,135.97500540316105,1756276743.40375,23943.40374994278,46.98115921020508,30.870712280273438,57.287254333496094,0,17.550000697374344
90.60000360012054,91.05000361800194,90.82500360906124,1756276743.43875,23943.43875002861,50.36332059461811,48.720804832058626,51.91568375493012,0,0.45000001788139343
159.90000635385513,175.05000695586205,167.4750066548586,1756276947.99125,24147.991250038147,59.0534553527832,42.39649963378906,67.54884338378906,0,15.150000602006912
59.85000237822533,73.65000292658806,66.75000265240669,1756277045.7710001,24245.771000146866,48.45964050292969,23.996736526489258,60.320491790771484,0,13.800000548362732
156.30000621080399,156.60000622272491,156.45000621676445,1756277221.60125,24421.601249933243,57.62607356704282,54.98083006602946,61.031278160496704,0,0.30000001192092896
30.15000119805336,34.2000013589859,32.17500127851963,1756277558.94,24758.94000005722,54.04405975341797,46.77625274658203,62.757781982421875,0,4.050000160932541
146.5500058233738,156.90000623464584,151.72500602900982,1756277663.72625,24863.726249933243,48.58226013183594,32.52853012084961,58.00834655761719,0,10.350000411272049
39.75000157952309,49.050001949071884,44.400001764297485,1756277842.9199998,25042.919999837875,51.008304595947266,32.80805969238281,60.51403045654297,0,9.300000369548798
50.400002002716064,53.25000211596489,51.82500205934048,1756277936.1087499,25136.108749866486,51.040828704833984,45.00757598876953,55.179439544677734,0,2.850000113248825
63.60000252723694,81.75000324845314,72.67500288784504,1756278405.8935,25605.893500089645,58.230289459228516,46.460899353027344,70.75621795654297,0,18.150000721216202
89.25000354647636,90.00000357627869,89.62500356137753,1756278987.546,26187.546000003815,51.687773962519344,46.73361938712162,54.68431522201545,0,0.7500000298023224
83.40000331401825,83.70000332593918,83.55000331997871,1756279014.8347502,26214.834750175476,50.2501792765754,49.01191232638791,50.966145923059365,0,0.30000001192092896
122.40000486373901,123.7500049173832,123.0750048905611,1756279103.6247501,26303.62475013733,51.51067352294922,42.41820526123047,55.51103591918945,0,1.3500000536441803
39.15000155568123,42.90000170469284,41.025001630187035,1756279294.7985,26494.798500061035,47.88845443725586,33.615386962890625,54.27184295654297,0,3.750000149011612
14.100000560283661,15.000000596046448,14.550000578165054,1756279389.19475,26589.194750070572,53.983516693115234,49.07878875732422,57.547306060791016,0,0.9000000357627869
24.000000953674316,24.300000965595245,24.15000095963478,1756279555.0035002,26755.00350022316,50.23548033776538,49.24971537157991,52.01708393695935,0,0.30000001192092896
48.60000193119049,69.00000274181366,58.800002336502075,1756279665.16225,26865.16225004196,48.40271759033203,28.305885314941406,59.26757049560547,0,20.40000081062317
16.500000655651093,20.250000804662704,18.3750007301569,1756279876.7435002,27076.743500232697,54.2159423828125,42.062591552734375,60.636985778808594,0,3.750000149011612
26.400001049041748,26.700001060962677,26.550001055002213,1756280160.7035,27360.703500032425,50.43896222738848,47.47349650382109,52.794935566020996,0,0.30000001192092896
156.75000622868538,168.4500066936016,162.6000064611435,1756280253.071,27453.071000099182,50.79390335083008,31.61667251586914,60.7155647277832,0,11.70000046491623
28.650001138448715,45.6000018119812,37.12500147521496,1756280451.64375,27651.643749952316,58.49391174316406,44.58954620361328,70.24242401123047,0,16.950000673532486
54.00000214576721,55.95000222325325,54.97500218451023,1756280550.6247501,27750.62475013733,50.712974548339844,42.73741912841797,59.1828727722168,0,1.9500000774860382
91.50000363588333,91.95000365376472,91.72500364482403,1756280730.6185002,27930.618500232697,52.82522043483715,50.292092130486395,54.28489538999874,0,0.45000001788139343
162.90000647306442,166.20000660419464,164.55000653862953,1756280826.6035001,28026.603500127792,50.35777282714844,43.08713912963867,55.17637634277344,0,3.3000001311302185
89.5500035583973,89.85000357031822,89.70000356435776,1756280874.3060002,28074.306000232697,51.342022333762465,50.11375876688412,52.20552619866346,0,0.30000001192092896
136.95000544190407,138.60000550746918,137.77500547468662,1756281120.56725,28320.56725001335,45.78224182128906,33.153404235839844,55.533233642578125,0,1.6500000655651093
156.00000619888306,159.90000635385513,157.9500062763691,1756281396.53725,28596.53725004196,52.78739547729492,48.066551208496094,58.457489013671875,0,3.9000001549720764
74.70000296831131,80.2500031888485,77.4750030785799,1756281618.5385,28818.538500070572,55.83005142211914,37.21810531616211,63.73429870605469,0,5.550000220537186
116.25000461935997,139.3500055372715,127.80000507831573,1756282209.5247502,29409.524750232697,59.02775192260742,40.216026306152344,69.58189392089844,0,23.10000091791153
128.25000509619713,134.85000535845757,131.55000522732735,1756282504.516,29704.516000032425,52.8742561340332,36.438472747802734,61.685157775878906,0,6.600000262260437
27.600001096725464,43.65000173449516,35.62500141561031,1756282596.50125,29796.50125002861,47.099857330322266,28.048208236694336,60.11090850830078,0,16.0500006377697
13.05000051856041,14.850000590085983,13.950000554323196,1756282791.5022502,29991.50225019455,49.81237030029297,39.539527893066406,56.437469482421875,0,1.8000000715255737
60.00000238418579,61.6500024497509,60.825002416968346,1756282799.5535002,29999.553500175476,53.942596435546875,50.7386474609375,59.29939270019531,0,1.6500000655651093
129.90000516176224,130.20000517368317,130.0500051677227,1756282885.69475,30085.694750070572,46.85581224945312,46.15423952885944,47.3801114439045,0,0.30000001192092896
126.15000501275063,126.60000503063202,126.37500502169132,1756283069.506,30269.50600004196,52.3341844603782,46.84755622108624,61.70269051388436,0,0.45000001788139343
76.05000302195549,83.55000331997871,79.8000031709671,1756283162.891,30362.891000032425,52.09090042114258,43.422847747802734,60.73421859741211,0,7.500000298023224
118.05000469088554,120.45000478625298,119.25000473856926,1756283474.8747501,30674.87475013733,48.289039611816406,35.952754974365234,54.003135681152344,0,2.4000000953674316
149.25000593066216,157.20000624656677,153.22500608861446,1756283654.4685001,30854.46850013733,52.44519805908203,36.90196228027344,60.70553207397461,0,7.950000315904617
117.15000465512276,118.05000469088554,117.60000467300415,1756284049.61975,31249.61975002289,52.1185188293457,48.526145935058594,55.670284271240234,0,0.9000000357627869
71.55000284314156,71.85000285506248,71.70000284910202,1756284538.40475,31738.40475010872,48.929845622617194,45.541983215654234,51.66258375188207,0,0.30000001192092896
137.250005453825,137.7000054717064,137.4750054627657,1756284538.4172502,31738.417250156403,53.44467101560168,49.9253142701182,55.176484371909815,0,0.45000001788139343
24.000000953674316,33.300001323223114,28.650001138448715,1756284630.4060001,31830.40600013733,50.238101959228516,39.08055877685547,58.54021453857422,0,9.300000369548798
159.45000633597374,159.75000634789467,159.6000063419342,1756284785.06975,31985.069750070572,45.541105115803994,43.337897383311976,47.73749886667951,0,0.30000001192092896
147.90000587701797,148.2000058889389,148.05000588297844,1756284908.78725,32108.78725004196,49.9529464918646,48.788146731604144,51.069520307160374,0,0.30000001192092896
177.60000705718994,177.90000706911087,177.7500070631504,1756284940.7222502,32140.72225022316,49.40977256088606,48.75356483276006,50.502946679746934,0,0.30000001192092896
37.80000150203705,38.25000151991844,38.025001510977745,1756284940.7235,32140.72350001335,50.80032340957662,48.6693681773164,52.60786668654976,0,0.45000001788139343
69.90000277757645,148.35000589489937,109.12500433623791,1756285090.3885002,32290.388500213623,42.78247833251953,17.40362548828125,64.62956237792969,0,78.45000311732292
17.10000067949295,28.50000113248825,22.8000009059906,1756285090.38975,32290.389750003815,53.650753021240234,33.94801712036133,62.19293975830078,0,11.4000004529953
28.650001138448715,49.80000197887421,39.22500155866146,1756285189.5785,32389.578500032425,38.86229705810547,14.913617134094238,56.66557312011719,0,21.15000084042549
177.300007045269,181.2000072002411,179.25000712275505,1756285371.39225,32571.392250061035,53.416324615478516,46.09733200073242,59.490570068359375,0,3.9000001549720764
87.0000034570694,87.30000346899033,87.15000346302986,1756285463.18475,32663.18475008011,50.76321530700505,48.561123467344814,52.05975337116296,0,0.30000001192092896
28.350001126527786,33.15000131726265,30.750001221895218,1756285677.3960001,32877.396000146866,50.31353759765625,40.345481872558594,59.63418960571289,0,4.800000190734863
15.600000619888306,32.55000129342079,24.07500095665455,1756285971.391,33171.391000032425,54.58277893066406,38.02705383300781,65.53577423095703,0,16.950000673532486
143.40000569820404,161.55000641942024,152.47500605881214,1756286061.97725,33261.97725009918,47.33445358276367,31.91730499267578,58.77165985107422,0,18.150000721216202
168.15000668168068,168.60000669956207,168.37500669062138,1756286266.3672502,33466.367250204086,53.145628609974736,51.680671007720974,54.23519475201604,0,0.45000001788139343
147.30000585317612,147.60000586509705,147.45000585913658,1756286532.2510002,33732.25100016594,47.73278523642393,43.726542942037334,49.78404228285004,0,0.30000001192092896
128.25000509619713,145.95000579953194,137.10000544786453,1756286643.93225,33843.93225002289,47.82931137084961,30.755470275878906,58.218685150146484,0,17.70000070333481
70.9500028192997,90.45000359416008,80.70000320672989,1756286784.6525,33984.65249991417,55.35536193847656,37.79018783569336,67.48251342773438,0,19.500000774860382
87.45000347495079,91.05000361800194,89.25000354647636,1756286795.20875,33995.20875000954,51.54145431518555,39.734046936035156,59.77716064453125,0,3.6000001430511475
148.6500059068203,172.50000685453415,160.57500638067722,1756286966.71125,34166.71125006676,46.94716262817383,28.549129486083984,57.290077209472656,0,23.850000947713852
42.90000170469284,47.85000190138817,45.375001803040504,1756287160.294,34360.293999910355,37.87263107299805,27.075700759887695,47.458160400390625,0,4.950000196695328
141.450005620718,161.2500064074993,151.35000601410866,1756287172.60025,34372.60025000572,49.79457092285156,32.04933547973633,62.0936164855957,0,19.80000078678131
36.60000145435333,53.100002110004425,44.85000178217888,1756287246.29775,34446.297749996185,48.841190338134766,32.030330657958984,58.7834587097168,0,16.500000655651093
160.500006377697,173.25000688433647,166.87500663101673,1756287426.30275,34626.302750110626,52.54886245727539,35.397029876708984,65.57290649414062,0,12.75000050663948
28.200001120567322,42.15000167489052,35.17500139772892,1756287528.29025,34728.29025006294,51.19815444946289,33.00160598754883,59.635887145996094,0,13.950000554323196
78.90000313520432,79.35000315308571,79.12500314414501,1756288285.2605002,35485.26050019264,43.85747695999481,42.8436304631311,44.366873013575905,0,0.45000001788139343
148.6500059068203,154.9500061571598,151.80000603199005,1756288285.273,35485.27300000191,51.44297790527344,39.283447265625,63.33312225341797,0,6.300000250339508
136.50000542402267,156.00000619888306,146.25000581145287,1756288381.46425,35581.46425008774,48.27058410644531,34.51325988769531,57.60716247558594,0,19.500000774860382
128.25000509619713,135.1500053703785,131.7000052332878,1756288685.0517502,35885.051750183105,49.001564025878906,32.683441162109375,56.932228088378906,0,6.900000274181366
160.20000636577606,177.60000705718994,168.900006711483,1756288976.65275,36176.65275001526,44.95633316040039,21.43014907836914,56.69675827026367,0,17.40000069141388
125.8500050008297,133.50000530481339,129.67500515282154,1756289464.24125,36664.24125003815,57.32987594604492,43.09843063354492,66.02454376220703,0,7.650000303983688
100.20000398159027,100.65000399947166,100.42500399053097,1756289760.2224998,36960.22249984741,54.4140504910043,50.20108423140461,57.08140345388049,0,0.45000001788139343
39.75000157952309,40.65000161528587,40.20000159740448,1756289809.8535001,37009.85350012779,47.13824462890625,41.86249542236328,51.3150634765625,0,0.9000000357627869
61.20000243186951,93.7500037252903,77.4750030785799,1756289863.4035,37063.40350008011,43.18197250366211,20.043212890625,58.700157165527344,0,32.55000129342079
151.05000600218773,151.35000601410866,151.2000060081482,1756290061.171,37261.171000003815,44.568801779050354,44.03154851398507,45.250059132521514,0,0.30000001192092896
166.3500066101551,180.00000715255737,173.17500688135624,1756290152.58975,37352.5897500515,50.57587814331055,31.80412483215332,61.84257888793945,0,13.650000542402267
76.80000305175781,90.00000357627869,83.40000331401825,1756290493.3535001,37693.35350012779,48.429161071777344,28.388490676879883,58.68961715698242,0,13.200000524520874
20.10000079870224,24.600000977516174,22.350000888109207,1756290752.151,37952.15100002289,54.34685134887695,42.4417839050293,60.49337387084961,0,4.500000178813934
55.65000221133232,66.3000026345253,60.97500242292881,1756290775.30975,37975.30975008011,51.532386779785156,42.22248077392578,58.84661865234375,0,10.650000423192978
66.60000264644623,67.05000266432762,66.82500265538692,1756291252.2385,38452.238500118256,52.97159292491509,49.8728631450231,55.95071640300717,0,0.45000001788139343
172.35000684857368,181.2000072002411,176.7750070244074,1756291353.5982502,38553.59825015068,51.28520584106445,40.306400299072266,59.094383239746094,0,8.850000351667404
141.9000056385994,169.50000673532486,155.70000618696213,1756291663.1185002,38863.1185002327,46.01250076293945,33.05781173706055,58.972412109375,0,27.600001096725464
12.600000500679016,21.900000870227814,17.250000685453415,1756291842.89225,39042.892250061035,59.0461540222168,41.26618194580078,69.16511535644531,0,9.300000369548798
86.85000345110893,87.15000346302986,87.0000034570694,1756291865.7747502,39065.7747502327,53.620572482543594,51.510049754666845,55.653388767710666,0,0.30000001192092896
15.600000619888306,15.900000631809235,15.75000062584877,1756292264.2085001,39464.208500146866,52.115941692610086,51.06955425644155,53.6004025416188,0,0.30000001192092896
134.7000053524971,137.55000546574593,136.1250054091215,1756292447.77725,39647.7772500515,41.890892028808594,26.384891510009766,51.28754425048828,0,2.850000113248825
129.15000513195992,137.7000054717064,133.42500530183315,1756292542.5635002,39742.56350016594,49.849761962890625,34.19459915161133,58.24773406982422,0,8.550000339746475
78.00000309944153,83.40000331401825,80.70000320672989,1756292785.72475,39985.72475004196,55.22884750366211,44.649662017822266,66.08953094482422,0,5.400000214576721
136.8000054359436,162.75000646710396,149.77500595152378,1756292902.4975,40102.49749994278,48.777923583984375,38.09290313720703,59.637672424316406,0,25.950001031160355
109.65000435709953,110.85000440478325,110.25000438094139,1756293023.31125,40223.31124997139,43.01840591430664,35.03654479980469,46.74980545043945,0,1.2000000476837158
78.90000313520432,81.9000032544136,80.40000319480896,1756293083.6575,40283.65750002861,46.88026428222656,36.764190673828125,51.75981140136719,0,3.0000001192092896
63.90000253915787,64.35000255703926,64.12500254809856,1756293083.67375,40283.673749923706,46.833800735585015,44.58350742139663,48.70889434878407,0,0.45000001788139343
117.60000467300415,118.80000472068787,118.20000469684601,1756293335.8415,40535.84150004387,46.14727783203125,44.103721618652344,47.96470260620117,0,1.2000000476837158
125.4000049829483,128.25000509619713,126.82500503957272,1756293394.6065,40594.606499910355,54.98370361328125,45.04593276977539,59.01058578491211,0,2.850000113248825
151.2000060081482,151.50000602006912,151.35000601410866,1756293660.359,40860.358999967575,49.49058629175588,47.83510536397503,51.16942964295775,0,0.30000001192092896
128.10000509023666,130.5000051856041,129.30000513792038,1756293669.53525,40869.5352499485,49.665000915527344,35.66083526611328,54.53986358642578,0,2.4000000953674316
81.00000321865082,97.65000388026237,89.3250035494566,1756293765.11775,40965.11774992943,49.97866439819336,34.94710922241211,60.02189254760742,0,16.650000661611557
124.80000495910645,136.20000541210175,130.5000051856041,1756294078.2465,41278.24650001526,48.754825592041016,36.177337646484375,57.04506301879883,0,11.4000004529953
158.25000628829002,162.75000646710396,160.500006377697,1756294254.91275,41454.91275000572,49.42747116088867,44.36162567138672,57.71316146850586,0,4.500000178813934
169.8000067472458,176.5500070154667,173.17500688135624,1756294264.4165,41464.41650009155,54.694801330566406,40.08898162841797,64.21693420410156,0,6.7500002682209015
134.2500053346157,145.05000576376915,139.65000554919243,1756294354.18425,41554.18425011635,48.91661071777344,41.350372314453125,57.438602447509766,0,10.800000429153442
89.25000354647636,93.00000369548798,91.12500362098217,1756294556.358,41756.358000040054,47.55033874511719,30.549957275390625,53.84903335571289,0,3.750000149011612
147.45000585913658,178.80000710487366,163.12500648200512,1756294843.463,42043.46300005913,33.8429069519043,18.750612258911133,56.479644775390625,0,31.350001245737076
42.60000169277191,61.95000246167183,52.27500207722187,1756294831.32425,42031.324249982834,60.70639419555664,39.18187713623047,70.58674621582031,0,19.350000768899918
142.65000566840172,152.55000606179237,147.60000586509705,1756294927.7005,42127.700500011444,47.239662170410156,35.546104431152344,53.90275955200195,0,9.900000393390656
161.85000643134117,165.60000658035278,163.72500650584698,1756295178.588,42378.58800005913,52.89349365234375,38.790958404541016,61.299072265625,0,3.750000149011612
48.30000191926956,51.60000205039978,49.95000198483467,1756295180.2605002,42380.26050019264,49.006065368652344,41.88703536987305,54.77470016479492,0,3.3000001311302185
28.80000114440918,143.25000569224358,86.02500341832638,1756295180.2755,42380.27550005913,33.894046783447266,10.41392707824707,58.09149169921875,0,114.4500045478344
138.60000550746918,139.05000552535057,138.82500551640987,1756295280.45425,42480.454250097275,48.133312845757004,46.31950826259217,50.77451485300428,0,0.45000001788139343
133.65000531077385,133.95000532269478,133.8000053167343,1756295351.8117502,42551.81175017357,48.03784228716913,47.785057794641865,48.5175963883985,0,0.30000001192092896
136.50000542402267,136.8000054359436,136.65000542998314,1756295460.2280002,42660.22800016403,44.7682897416239,44.61123196639613,45.04144509308367,0,0.30000001192092896
96.90000385046005,110.85000440478325,103.87500412762165,1756295782.21175,42982.21175003052,57.30337905883789,39.50461959838867,67.69813537597656,0,13.950000554323196
58.500002324581146,63.30000251531601,60.90000241994858,1756295882.79075,43082.7907500267,45.08951950073242,24.329692840576172,56.48847579956055,0,4.800000190734863
51.60000205039978,51.90000206232071,51.750002056360245,1756296062.17575,43262.175750017166,49.985136082839006,47.61529427225861,51.282764597610175,0,0.30000001192092896
46.050001829862595,66.45000264048576,56.25000223517418,1756296156.3495,43356.34949994087,46.957523345947266,28.7215633392334,57.81993103027344,0,20.40000081062317
63.450002521276474,69.75000277161598,66.60000264644623,1756296507.903,43707.90300011635,50.901554107666016,38.45222091674805,59.02887725830078,0,6.300000250339508
23.850000947713852,27.450001090765,25.650001019239426,1756296687.08925,43887.08925008774,51.69813919067383,44.38732147216797,58.671478271484375,0,3.6000001430511475
121.65000483393669,127.20000505447388,124.42500494420528,1756296779.06825,43979.06824994087,51.47307205200195,41.4119873046875,59.53612518310547,0,5.550000220537186
151.80000603199005,172.50000685453415,162.1500064432621,1756296995.0517502,44195.051750183105,58.61107635498047,44.29590606689453,71.3211669921875,0,20.700000822544098
66.15000262856483,66.45000264048576,66.3000026345253,1756297121.8630002,44321.863000154495,53.39833375433442,48.159030153206984,56.4035222259514,0,0.30000001192092896
93.90000373125076,94.20000374317169,94.05000373721123,1756297344.0540001,44544.05400013924,47.68671968988057,46.95376592532294,48.11098897643041,0,0.30000001192092896
117.30000466108322,119.55000475049019,118.4250047057867,1756297371.8140001,44571.8140001297,51.2698974609375,44.035667419433594,58.145416259765625,0,2.250000089406967
164.10000652074814,164.40000653266907,164.2500065267086,1756297592.004,44792.0039999485,51.65174389998116,47.32884074852628,53.854239388786596,0,0.30000001192092896
100.0500039756298,100.5000039935112,100.2750039845705,1756297688.5865,44888.58649992943,53.968508438357375,51.74937399565594,56.43345076570358,0,0.45000001788139343
83.40000331401825,94.80000376701355,89.1000035405159,1756298260.93625,45460.93624997139,48.00881576538086,31.146108627319336,57.26729965209961,0,11.4000004529953
118.35000470280647,118.6500047147274,118.50000470876694,1756298462.4975,45662.49749994278,50.73850824625803,49.26404190267003,51.98951098231227,0,0.30000001192092896
91.95000365376472,106.20000422000885,99.07500393688679,1756298734.88375,45934.88374996185,56.220062255859375,41.343685150146484,67.4691162109375,0,14.250000566244125
83.40000331401825,94.35000374913216,88.8750035315752,1756299121.205,46321.204999923706,49.210731506347656,34.55149459838867,54.79821014404297,0,10.950000435113907
58.95000234246254,107.2500042617321,83.10000330209732,1756299424.754,46624.7539999485,48.553932189941406,33.65862274169922,61.233612060546875,0,48.30000191926956
15.000000596046448,19.650000780820847,17.325000688433647,1756299604.7365,46804.736500024796,53.548118591308594,43.53358459472656,62.80342483520508,0,4.650000184774399
72.45000287890434,72.75000289082527,72.60000288486481,1756299934.684,47134.68400001526,51.33513027517936,47.91199246498876,56.369009315837886,0,0.30000001192092896
85.20000338554382,87.15000346302986,86.17500342428684,1756299934.70025,47134.700249910355,61.128055572509766,49.75647735595703,69.1722183227539,0,1.9500000774860382
24.15000095963478,28.350001126527786,26.250001043081284,1756300036.6765,47236.676500082016,49.069950103759766,38.22560119628906,57.33652114868164,0,4.200000166893005
71.55000284314156,71.85000285506248,71.70000284910202,1756300216.6477501,47416.64775013924,48.716017412557754,48.131204323277935,49.35356092945574,0,0.30000001192092896
114.75000455975533,118.35000470280647,116.5500046312809,1756300216.6615,47416.66149997711,54.768070220947266,39.35053634643555,62.45914840698242,0,3.6000001430511475
143.1000056862831,149.25000593066216,146.17500580847263,1756300312.64525,47512.645250082016,47.65422058105469,30.499927520751953,54.83917999267578,0,6.150000244379044
109.65000435709953,110.55000439286232,110.10000437498093,1756300324.579,47524.578999996185,49.02852249145508,45.87778091430664,54.51348876953125,0,0.9000000357627869
151.2000060081482,155.55000618100166,153.37500609457493,1756300503.634,47703.63400006294,55.10697937011719,45.28350830078125,62.33554458618164,0,4.35000017285347
123.7500049173832,124.05000492930412,123.90000492334366,1756300770.594,47970.59400010109,49.83091720847384,42.970598240750576,53.79997661081795,0,0.30000001192092896
17.40000069141388,32.1000012755394,24.75000098347664,1756300869.3655002,48069.365500211716,44.239444732666016,30.729846954345703,54.19438171386719,0,14.700000584125519
88.80000352859497,92.40000367164612,90.60000360012054,1756300961.0817502,48161.081750154495,45.663795471191406,38.78923797607422,51.09571838378906,0,3.6000001430511475
48.00000190734863,48.450001925230026,48.22500191628933,1756301358.489,48558.489000082016,53.846433309809505,52.644683586228275,54.79923527397286,0,0.45000001788139343
18.000000715255737,18.300000727176666,18.150000721216202,1756301358.49025,48558.490250110626,47.88201270238466,45.527898501927815,49.123655573140255,0,0.30000001192092896
71.10000282526016,71.55000284314156,71.32500283420086,1756301453.67275,48653.672749996185,55.87394498501816,53.80898330839155,58.13984408147335,0,0.45000001788139343
60.00000238418579,75.90000301599503,67.95000270009041,1756301888.6599998,49088.65999984741,62.44361877441406,49.77920150756836,73.70087432861328,0,15.900000631809235
145.80000579357147,146.1000058054924,145.95000579953194,1756302285.67375,49485.673749923706,53.73645255943945,50.99304181502412,56.99166261091153,0,0.30000001192092896
59.40000236034393,114.30000454187393,86.85000345110893,1756302542.2675,49742.267499923706,44.993804931640625,11.760912895202637,64.08998107910156,0,54.90000218153
87.90000349283218,88.35000351071358,88.12500350177288,1756302844.2110002,50044.211000204086,52.562408088904576,52.35187442396655,52.71634861029577,0,0.45000001788139343
141.60000562667847,145.35000577569008,143.47500570118427,1756302941.3775,50141.37750005722,46.59210968017578,34.698219299316406,53.51707458496094,0,3.750000149011612
106.80000424385071,107.10000425577164,106.95000424981117,1756303121.155,50321.15499997139,50.195162962163494,49.111096471919026,51.95490060703041,0,0.30000001192092896
155.8500061929226,156.15000620484352,156.00000619888306,1756303121.15625,50321.15625,50.92480618768957,47.27028584655581,53.87055077022845,0,0.30000001192092896
65.8500026166439,75.90000301599503,70.87500281631947,1756303442.0774999,50642.077499866486,57.28229904174805,45.30622482299805,64.2664566040039,0,10.05000039935112
112.05000445246696,113.70000451803207,112.87500448524952,1756303544.8487499,50744.84874987602,53.695919036865234,46.68739700317383,59.04545593261719,0,1.6500000655651093
142.20000565052032,156.75000622868538,149.47500593960285,1756303724.0137498,50924.013749837875,36.40996551513672,20.211891174316406,49.96147918701172,0,14.550000578165054
41.85000166296959,43.65000173449516,42.750001698732376,1756303823.2,51023.200000047684,52.63924789428711,45.471221923828125,57.8129768371582,0,1.8000000715255737
92.10000365972519,153.60000610351562,122.8500048816204,1756304045.9724998,51245.97249984741,38.65781784057617,14.771212577819824,58.2004508972168,0,61.500002443790436
34.95000138878822,35.25000140070915,35.10000139474869,1756304045.9737499,51245.97374987602,52.75760942556793,49.52443705486352,54.65247485156161,0,0.30000001192092896
13.200000524520874,15.300000607967377,14.250000566244125,1756304145.94625,51345.94624996185,51.81599807739258,43.15655517578125,58.75548553466797,0,2.1000000834465027
68.10000270605087,82.95000329613686,75.52500300109386,1756304433.90325,51633.90324997902,45.009918212890625,23.30413818359375,55.598419189453125,0,14.850000590085983
117.30000466108322,123.15000489354134,120.22500477731228,1756304748.2685,51948.268500089645,49.323333740234375,41.80068588256836,58.09003829956055,0,5.850000232458115
117.15000465512276,151.35000601410866,134.2500053346157,1756304927.8735,52127.87350010872,38.42174530029297,16.434526443481445,60.41619873046875,0,34.2000013589859
106.50000423192978,120.60000479221344,113.55000451207161,1756305030.2635002,52230.26350021362,48.710533142089844,38.999298095703125,58.049827575683594,0,14.100000560283661
61.6500024497509,65.55000260472298,63.60000252723694,1756305320.6360002,52520.6360001564,48.44645690917969,39.597564697265625,57.49433898925781,0,3.9000001549720764
62.55000248551369,64.35000255703926,63.450002521276474,1756305344.0735002,52544.0735001564,52.76956558227539,47.821571350097656,58.906192779541016,0,1.8000000715255737
123.45000490546227,139.50000554323196,131.47500522434711,1756305499.8274999,52699.827499866486,57.22043228149414,39.2319221496582,66.8828125,0,16.0500006377697
25.200001001358032,40.80000162124634,33.000001311302185,1756305594.2085001,52794.208500146866,47.027400970458984,26.464038848876953,56.877342224121094,0,15.600000619888306
59.40000236034393,60.90000241994858,60.150002390146255,1756305782.8035002,52982.803500175476,49.26948165893555,39.20436477661133,54.665443420410156,0,1.5000000596046448
83.85000333189964,91.05000361800194,87.45000347495079,1756306072.776,53272.77600002289,59.0022087097168,44.284263610839844,69.20349884033203,0,7.200000286102295
140.55000558495522,146.1000058054924,143.3250056952238,1756306176.1560001,53376.15600013733,50.3598518371582,32.13517761230469,57.67044448852539,0,5.550000220537186
115.80000460147858,128.4000051021576,122.10000485181808,1756306359.7437499,53559.74374985695,50.46192169189453,35.03654479980469,57.155879974365234,0,12.600000500679016
145.80000579357147,162.45000645518303,154.12500612437725,1756306450.92875,53650.92875003815,46.458309173583984,20.211891174316406,56.616477966308594,0,16.650000661611557
108.00000429153442,111.75000444054604,109.87500436604023,1756306450.96625,53650.96624994278,54.32603454589844,31.752216339111328,63.47572708129883,0,3.750000149011612
132.30000525712967,138.15000548958778,135.22500537335873,1756306630.72625,53830.72624993324,49.77546310424805,33.12812042236328,58.123085021972656,0,5.850000232458115
48.00000190734863,48.450001925230026,48.22500191628933,1756306783.36625,53983.36625003815,52.466773085987,49.36523795475547,55.97532843507813,0,0.45000001788139343
108.15000429749489,111.15000441670418,109.65000435709953,1756306947.70225,54147.702250003815,57.71391296386719,40.445003509521484,66.78498077392578,0,3.0000001192092896
134.40000534057617,140.85000559687614,137.62500546872616,1756307188.2385,54388.238500118256,49.39334487915039,34.94989013671875,58.92274475097656,0,6.4500002562999725
155.55000618100166,155.8500061929226,155.70000618696213,1756307247.6735,54447.673500061035,44.26838850061575,43.95623394355837,44.86883665598123,0,0.30000001192092896
65.70000261068344,85.80000340938568,75.75000301003456,1756307247.6910002,54447.69100022316,53.71773147583008,36.25621032714844,63.859405517578125,0,20.10000079870224
28.350001126527786,28.650001138448715,28.50000113248825,1756307551.67475,54751.674750089645,44.49813920220649,43.59361102738486,45.46567338599975,0,0.30000001192092896
75.45000299811363,82.350003272295,78.90000313520432,1756307551.6885002,54751.68850016594,50.90204620361328,37.34879684448242,60.0657844543457,0,6.900000274181366
70.5000028014183,79.05000314116478,74.77500297129154,1756307666.4785001,54866.47850012779,48.86923599243164,33.8934326171875,57.3957405090332,0,8.550000339746475
50.55000200867653,51.60000205039978,51.075002029538155,1756307845.6795,55045.679500103,47.7236328125,37.4217529296875,54.38129425048828,0,1.0500000417232513
68.10000270605087,79.50000315904617,73.80000293254852,1756308145.66475,55345.66475009918,57.10319900512695,42.48708724975586,65.97012329101562,0,11.4000004529953
31.50000125169754,46.95000186562538,39.22500155866146,1756308277.25475,55477.25475001335,45.92636489868164,20.128372192382812,55.53419494628906,0,15.450000613927841
109.20000433921814,129.00000512599945,119.1000047326088,1756308456.6535,55656.65350008011,59.77635192871094,43.213497161865234,73.65472412109375,0,19.80000078678131
135.30000537633896,137.40000545978546,136.3500054180622,1756308586.8435001,55786.84350013733,48.73920822143555,39.619903564453125,58.1047248840332,0,2.1000000834465027
121.05000481009483,123.45000490546227,122.25000485777855,1756308891.63225,56091.63225007057,48.663822174072266,39.76945495605469,55.765289306640625,0,2.4000000953674316
181.2000072002411,181.50000721216202,181.35000720620155,1756309071.6372502,56271.63725018501,45.84080978373644,41.82927969236992,48.757902659304825,0,0.30000001192092896
89.5500035583973,110.10000437498093,99.82500396668911,1756309071.6535,56271.65350008011,59.44936752319336,12.552724838256836,79.96192932128906,0,20.550000816583633
22.650000900030136,24.15000095963478,23.40000092983246,1756309103.9610002,56303.961000204086,52.782447814941406,50.980587005615234,55.89179611206055,0,1.5000000596046448
121.05000481009483,121.35000482201576,121.2000048160553,1756309390.66025,56590.6602499485,49.48256044077718,47.581167237622175,51.51532258885288,0,0.30000001192092896
16.950000673532486,21.000000834465027,18.975000753998756,1756309390.67525,56590.675250053406,44.581790924072266,34.75089645385742,52.359500885009766,0,4.050000160932541
28.350001126527786,30.000001192092896,29.17500115931034,1756309527.663,56727.66300010681,50.382720947265625,42.74388885498047,54.696441650390625,0,1.6500000655651093
145.50000578165054,178.35000708699226,161.9250064343214,1756309833.247,57033.24699997902,39.02522277832031,16.127838134765625,68.04216003417969,0,32.85000130534172
92.70000368356705,93.45000371336937,93.07500369846821,1756309842.91075,57042.91074991226,64.01438894334748,55.56918520557301,70.67295983281565,0,0.7500000298023224
59.70000237226486,68.8500027358532,64.27500255405903,1756309861.27075,57061.27075004578,50.12223815917969,38.15577697753906,60.70844268798828,0,9.150000363588333
158.85000631213188,159.30000633001328,159.07500632107258,1756310040.6882498,57240.68824982643,47.73248968620416,45.068296172345576,52.3114833839962,0,0.45000001788139343
27.900001108646393,33.75000134110451,30.82500122487545,1756310185.2819998,57385.28199982643,50.77764892578125,41.429832458496094,59.7092399597168,0,5.850000232458115
118.05000469088554,161.55000641942024,139.8000055551529,1756310201.136,57401.135999917984,31.907716751098633,18.45098114013672,55.83466339111328,0,43.5000017285347
43.050001710653305,62.25000247359276,52.65000209212303,1756310364.701,57564.700999975204,53.504268646240234,38.09627151489258,62.903350830078125,0,19.200000762939453
63.30000251531601,63.60000252723694,63.450002521276474,1756310611.8985,57811.89849996567,50.227694850247126,48.04016694417492,51.59272350379319,0,0.30000001192092896
45.45000180602074,48.90000194311142,47.17500187456608,1756310612.10725,57812.107249975204,45.29195022583008,30.132587432861328,54.932220458984375,0,3.450000137090683
171.15000680088997,174.60000693798065,172.8750068694353,1756310612.13975,57812.139750003815,46.747222900390625,35.77836227416992,52.20719909667969,0,3.450000137090683
80.55000320076942,81.15000322461128,80.85000321269035,1756310848.9137502,58048.91375017166,50.22110504579125,45.51413398581146,54.43583699169995,0,0.6000000238418579
29.700001180171967,49.050001949071884,39.375001564621925,1756311028.7150002,58228.71500015259,60.62711715698242,43.07324981689453,72.14306640625,0,19.350000768899918
16.80000066757202,17.10000067949295,16.950000673532486,1756311238.44475,58438.44475007057,56.265538658237006,54.48146476645828,59.62749946117566,0,0.30000001192092896
12.900000512599945,16.650000661611557,14.775000587105751,1756311280.2762501,58480.27625012398,49.54367446899414,37.46010971069336,57.11729431152344,0,3.750000149011612
69.45000275969505,91.80000364780426,80.62500320374966,1756311365.7150002,58565.71500015259,53.88379669189453,35.67379379272461,62.172935485839844,0,22.350000888109207
79.65000316500664,85.80000340938568,82.72500328719616,1756311510.0914998,58710.09149980545,50.403587341308594,31.964527130126953,62.871700286865234,0,6.150000244379044
108.90000432729721,109.3500043451786,109.12500433623791,1756311689.694,58889.69400000572,48.84595366094964,46.28286731089514,52.76367581922535,0,0.45000001788139343
176.1000069975853,179.8500071465969,177.9750070720911,1756311883.294,59083.293999910355,42.215450286865234,25.682018280029297,49.166751861572266,0,3.750000149011612
16.80000066757202,17.250000685453415,17.025000676512718,1756312091.50525,59291.50524997711,53.19708832132208,49.874919759997766,56.11041068120486,0,0.45000001788139343
178.2000070810318,178.50000709295273,178.35000708699226,1756312198.76525,59398.765249967575,46.19885443884801,44.321191010248555,49.226995137008956,0,0.30000001192092896
111.30000442266464,111.9000044465065,111.60000443458557,1756312231.2889998,59431.288999795914,50.243694929192465,48.647364759788736,52.98588927590943,0,0.6000000238418579
33.15000131726265,78.90000313520432,56.02500222623348,1756312341.454,59541.453999996185,31.1095027923584,16.53212547302246,55.43490982055664,0,45.750001817941666
34.650001376867294,36.60000145435333,35.62500141561031,1756312410.68275,59610.68274998665,46.09003829956055,36.570556640625,51.65819549560547,0,1.9500000774860382
181.05000719428062,181.50000721216202,181.27500720322132,1756312410.699,59610.698999881744,51.1548955428335,49.03686731736502,54.946150916934855,0,0.45000001788139343
21.000000834465027,24.75000098347664,22.875000908970833,1756312410.70025,59610.700249910355,53.233333587646484,38.89469909667969,60.238983154296875,0,3.750000149011612
40.050001591444016,40.9500016272068,40.50000160932541,1756312773.68275,59973.68274998665,48.77237319946289,43.523563385009766,53.38856506347656,0,0.9000000357627869
26.550001055002213,51.90000206232071,39.22500155866146,1756312862.513,60062.513000011444,50.05409622192383,22.43037986755371,67.68791198730469,0,25.350001007318497
110.10000437498093,113.85000452399254,111.97500444948673,1756313098.64925,60298.64925003052,45.84267044067383,32.02760696411133,53.848350524902344,0,3.750000149011612
27.15000107884407,123.3000048995018,75.22500298917294,1756313098.6505,60298.65050005913,40.30756378173828,10.7918119430542,85.56945037841797,0,96.15000382065773
125.4000049829483,148.80000591278076,137.10000544786453,1756313143.66675,60343.66674995422,38.052337646484375,19.294189453125,54.25002670288086,0,23.40000092983246
85.35000339150429,86.40000343322754,85.87500341236591,1756313374.856,60574.855999946594,47.783897399902344,33.02980041503906,52.91461944580078,0,1.0500000417232513
177.15000703930855,178.6500070989132,177.90000706911087,1756313554.658,60754.65799999237,55.000980377197266,44.336097717285156,62.08300018310547,0,1.5000000596046448
21.900000870227814,23.10000091791153,22.50000089406967,1756313740.85275,60940.85275006294,46.24877166748047,41.87633514404297,50.521202087402344,0,1.2000000476837158
77.10000306367874,80.85000321269035,78.97500313818455,1756313920.655,61120.65499997139,50.90739440917969,44.615882873535156,59.33796691894531,0,3.750000149011612
111.9000044465065,117.15000465512276,114.52500455081463,1756314565.237,61765.236999988556,51.19308853149414,39.05580139160156,61.86642074584961,0,5.250000208616257
64.2000025510788,69.00000274181366,66.60000264644623,1756314776.17175,61976.171750068665,53.079872131347656,32.352760314941406,63.313751220703125,0,4.800000190734863
20.40000081062317,90.75000360608101,55.57500220835209,1756314786.4854999,61986.485499858856,58.691856384277344,18.325088500976562,75.65682220458984,0,70.35000279545784
121.35000482201576,124.65000495314598,123.00000488758087,1756315219.0727499,62419.072749853134,51.82316207885742,43.641944885253906,58.663639068603516,0,3.3000001311302185
47.700001895427704,48.00000190734863,47.85000190138817,1756315809.85575,63009.85575008392,52.18067104938723,50.51468959560003,55.11621368990415,0,0.30000001192092896
74.55000296235085,83.70000332593918,79.12500314414501,1756316029.6317499,63229.63174986839,56.595176696777344,41.02433776855469,67.48184967041016,0,9.150000363588333
84.4500033557415,84.75000336766243,84.60000336170197,1756316299.22075,63499.22075009346,48.19473112275427,44.92075591227207,53.70792413757323,0,0.30000001192092896
34.95000138878822,35.25000140070915,35.10000139474869,1756316780.392,63980.391999959946,52.22729490730652,49.00776647293041,53.945900026030316,0,0.30000001192092896
60.450002402067184,63.30000251531601,61.8750024586916,1756316959.58575,64159.585750103,52.48883819580078,45.37944793701172,57.352874755859375,0,2.850000113248825
116.40000462532043,116.70000463724136,116.5500046312809,1756317053.29825,64253.298249959946,51.321880798578924,49.07147909229677,52.78010092736105,0,0.30000001192092896
173.25000688433647,176.1000069975853,174.67500694096088,1756317172.74575,64372.74574995041,52.28737258911133,46.23466491699219,59.64008331298828,0,2.850000113248825
136.8000054359436,159.6000063419342,148.2000058889389,1756317432.7795,64632.77950000763,60.44282150268555,34.94572067260742,76.63903045654297,0,22.8000009059906
146.70000582933426,181.50000721216202,164.10000652074814,1756317421.7205,64621.72049999237,52.12095260620117,24.065401077270508,67.7645263671875,0,34.80000138282776
168.900006711483,169.3500067293644,169.1250067204237,1756317602.9407501,64802.94075012207,48.76513445269382,47.55074101758471,49.724018829802354,0,0.45000001788139343
178.95000711083412,179.25000712275505,179.1000071167946,1756317695.97825,64895.9782500267,53.896514426409844,51.45068928038402,55.30757900952281,0,0.30000001192092896
59.25000235438347,66.75000265240669,63.00000250339508,1756317828.2145,65028.21449995041,52.22209548950195,40.094085693359375,59.775386810302734,0,7.500000298023224
151.35000601410866,151.80000603199005,151.57500602304935,1756317916.40325,65116.40324997902,46.92470754160337,43.774155396185144,49.19109486023202,0,0.45000001788139343
162.45000645518303,163.0500064790249,162.75000646710396,1756317875.5795,65075.579499959946,50.129189481792466,44.99095709829723,52.967682681323154,0,0.6000000238418579
48.1500019133091,56.400002241134644,52.27500207722187,1756318149.55825,65349.55824995041,44.82741165161133,35.4678955078125,54.37561798095703,0,8.250000327825546
163.20000648498535,179.40000712871552,171.30000680685043,1756318620.06975,65820.06975007057,45.432979583740234,24.683473587036133,64.1615219116211,0,16.200000643730164
128.25000509619713,134.7000053524971,131.47500522434711,1756318739.6235,65939.62350010872,52.271427154541016,38.18423843383789,61.69105911254883,0,6.4500002562999725
70.80000281333923,84.4500033557415,77.62500308454037,1756318753.4695,65953.46950006485,56.841793060302734,40.86146545410156,69.3392333984375,0,13.650000542402267
80.85000321269035,81.15000322461128,81.00000321865082,1756319056.27075,66256.27075004578,45.31597398373558,44.95419442581866,46.035232673127915,0,0.30000001192092896
70.35000279545784,127.35000506043434,98.85000392794609,1756319187.607,66387.60700011253,51.035987854003906,10.0,89.95894622802734,0,57.0000022649765
36.45000144839287,84.4500033557415,60.450002402067184,1756319367.6282501,66567.62825012207,40.12974166870117,16.232492446899414,61.35539245605469,0,48.00000190734863
130.80000519752502,131.10000520944595,130.9500052034855,1756319736.05925,66936.05925011635,51.92254153411514,47.76831888409706,54.94084989966382,0,0.30000001192092896
71.55000284314156,72.00000286102295,71.77500285208225,1756319915.66975,67115.6697499752,55.396879009743884,51.61370997359005,59.33962322266545,0,0.45000001788139343
58.20000231266022,112.80000448226929,85.50000339746475,1756320007.85725,67207.8572499752,50.852760314941406,16.127838134765625,87.9200668334961,0,54.60000216960907
76.05000302195549,79.65000316500664,77.85000309348106,1756320017.20475,67217.20475006104,44.40143966674805,33.55643081665039,54.07096862792969,0,3.6000001430511475
64.95000258088112,67.20000267028809,66.0750026255846,1756320267.6675,67467.66750001907,50.88450622558594,41.095787048339844,56.81815719604492,0,2.250000089406967
132.75000527501106,135.90000540018082,134.32500533759594,1756320268.99375,67468.99375009537,51.49079895019531,43.64569854736328,55.96512222290039,0,3.150000125169754
47.55000188946724,50.85000202059746,49.20000195503235,1756320447.6877499,67647.68774986267,47.66083908081055,36.429588317871094,53.59169387817383,0,3.3000001311302185
136.8000054359436,138.15000548958778,137.4750054627657,1756320776.503,67976.50300002098,46.779624938964844,40.672569274902344,53.803524017333984,0,1.3500000536441803
26.400001049041748,26.700001060962677,26.550001055002213,1756320829.5505,68029.55049991608,52.64605008233057,51.034650444175625,53.5623816955046,0,0.30000001192092896
163.0500064790249,181.50000721216202,172.27500684559345,1756320842.22675,68042.226749897,62.75284957885742,49.52647399902344,72.88043212890625,0,18.45000073313713
151.95000603795052,155.4000061750412,153.67500610649586,1756320955.7205,68155.72049999237,48.81753158569336,32.44524383544922,56.98863983154297,0,3.450000137090683
78.30000311136246,79.20000314712524,78.75000312924385,1756321382.5545,68582.554500103,49.57674026489258,45.708580017089844,56.29966735839844,0,0.9000000357627869
78.90000313520432,79.20000314712524,79.05000314116478,1756321561.76825,68761.76824998856,51.17502721816428,50.41116227969485,52.67519025088377,0,0.30000001192092896
171.9000068306923,174.30000692605972,173.100006878376,1756321584.1309998,68784.13099980354,47.70204162597656,40.90998077392578,53.86896514892578,0,2.4000000953674316
176.85000702738762,177.15000703930855,177.00000703334808,1756321563.87725,68763.87724995613,45.5574758917698,42.50273586232246,47.443634035452675,0,0.30000001192092896
78.30000311136246,82.05000326037407,80.17500318586826,1756321751.7384999,68951.73849987984,58.001888275146484,50.079139709472656,70.00028228759766,0,3.750000149011612
146.70000582933426,150.90000599622726,148.80000591278076,1756321900.13125,69100.13124990463,51.773033142089844,37.75756072998047,58.99983215332031,0,4.200000166893005
19.500000774860382,19.950000792741776,19.72500078380108,1756322482.9165,69682.91650009155,55.31166653240413,50.73564395903303,60.592160706302494,0,0.45000001788139343
82.20000326633453,82.50000327825546,82.350003272295,1756322489.00025,69689.00025010109,52.90219367283478,48.76535360083433,55.207598735698,0,0.30000001192092896
24.300000965595245,40.50000160932541,32.40000128746033,1756322673.9212499,69873.92124986649,58.96298599243164,30.606977462768555,70.20989227294922,0,16.200000643730164
122.10000485181808,131.40000522136688,126.75000503659248,1756323235.86925,70435.86925005913,53.92044448852539,34.89536666870117,63.1891975402832,0,9.300000369548798
172.20000684261322,172.50000685453415,172.35000684857368,1756323381.4055002,70581.40550017357,47.14133732998015,45.113351359100605,49.59837663860895,0,0.30000001192092896
41.400001645088196,87.45000347495079,64.4250025600195,1756323720.049,70920.0490000248,40.8710823059082,14.313638687133789,62.4582633972168,0,46.050001829862595
149.40000593662262,150.15000596642494,149.77500595152378,1756323732.174,70932.1740000248,53.8225697639721,51.032904715577494,56.57120896498824,0,0.7500000298023224
132.00000524520874,132.30000525712967,132.1500052511692,1756324352.55275,71552.55275011063,47.833623315027445,45.5108386518578,49.48246650013588,0,0.30000001192092896
163.65000650286674,163.95000651478767,163.8000065088272,1756324653.90225,71853.9022500515,52.309079121298424,49.694671672617545,56.42038920820619,0,0.30000001192092896
172.95000687241554,180.90000718832016,176.92500703036785,1756324790.38825,71990.38825011253,52.17044448852539,38.41984558105469,60.85762405395508,0,7.950000315904617
13.950000554323196,14.40000057220459,14.175000563263893,1756324790.3895001,71990.38950014114,53.66411661133844,46.52642731849244,59.693646513964524,0,0.45000001788139343
37.80000150203705,71.25000283122063,54.52500216662884,1756324802.1607502,72002.16075015068,62.07028579711914,43.4502067565918,76.08453369140625,0,33.45000132918358
18.300000727176666,141.9000056385994,80.10000318288803,1756324833.9145,72033.91449999809,40.43403244018555,14.913617134094238,88.75621795654297,0,123.60000491142273
77.40000307559967,84.15000334382057,80.77500320971012,1756325117.11925,72317.11925005913,46.784080505371094,35.67496871948242,58.69276428222656,0,6.7500002682209015
44.700001776218414,50.2500019967556,47.47500188648701,1756325296.93925,72496.93924999237,48.768707275390625,35.79555130004883,56.48674011230469,0,5.550000220537186
173.70000690221786,174.15000692009926,173.92500691115856,1756326123.5245,73323.52449989319,56.01548788580555,55.47960440358861,56.94466553515969,0,0.45000001788139343
14.850000590085983,20.850000828504562,17.850000709295273,1756326123.52575,73323.5257499218,57.239723205566406,41.18694305419922,66.87293243408203,0,6.000000238418579
44.25000175833702,59.5500023663044,51.90000206232071,1756326132.1845,73332.18449997902,57.01472854614258,39.867271423339844,69.78302001953125,0,15.300000607967377
66.75000265240669,71.25000283122063,69.00000274181366,1756326349.326,73549.3259999752,52.016475677490234,42.913021087646484,61.030181884765625,0,4.500000178813934
16.350000649690628,28.950001150369644,22.650000900030136,1756326579.98,73779.98000001907,44.34659194946289,33.63800048828125,59.39269256591797,0,12.600000500679016
160.80000638961792,164.70000654459,162.75000646710396,1756326759.98875,73959.98874998093,52.58058547973633,38.70579528808594,58.74569320678711,0,3.9000001549720764
140.2500055730343,147.45000585913658,143.85000571608543,1756327019.16875,74219.16875004768,45.89434814453125,34.52553176879883,54.398658752441406,0,7.200000286102295
26.700001060962677,27.15000107884407,26.925001069903374,1756327139.3000002,74339.30000019073,54.499445419890414,51.79876241874662,58.270945207534844,0,0.45000001788139343
167.55000665783882,171.30000680685043,169.42500673234463,1756327323.13375,74523.13374996185,51.72158432006836,36.81874084472656,60.69948196411133,0,3.750000149011612
149.850005954504,155.8500061929226,152.8500060737133,1756327513.5814998,74713.58149981499,46.16216278076172,26.56098175048828,54.08034896850586,0,6.000000238418579
70.9500028192997,71.25000283122063,71.10000282526016,1756328115.947,75315.9470000267,54.5987948981958,52.790871938222814,57.26485142588804,0,0.30000001192092896
139.3500055372715,159.45000633597374,149.40000593662262,1756328397.9242501,75597.92425012589,47.11612319946289,31.82699966430664,57.439720153808594,0,20.10000079870224
135.90000540018082,136.95000544190407,136.42500542104244,1756328546.4367502,75746.43675017357,54.71694564819336,51.248661041259766,62.04218292236328,0,1.0500000417232513
49.95000198483467,50.400002002716064,50.17500199377537,1756328955.359,76155.35899996758,55.45200659636872,53.99071174281203,56.683654130330396,0,0.45000001788139343
51.750002056360245,52.050002068281174,51.90000206232071,1756329011.9115,76211.91149997711,49.82431304842018,49.38949803921999,50.205974282195555,0,0.30000001192092896
115.35000458359718,115.80000460147858,115.57500459253788,1756329277.50125,76477.50125002861,48.21535619326754,44.70160486526572,52.24299926079827,0,0.45000001788139343
66.45000264048576,71.85000285506248,69.15000274777412,1756329456.89625,76656.89625000954,44.662071228027344,32.17747116088867,52.60164260864258,0,5.400000214576721
139.3500055372715,173.100006878376,156.22500620782375,1756329825.08275,77025.08275008202,46.26389694213867,22.504199981689453,61.677799224853516,0,33.75000134110451
46.80000185966492,47.100001871585846,46.95000186562538,1756329835.6477501,77035.64775013924,51.60514026843711,47.76788324639856,53.66032383601116,0,0.30000001192092896
47.25000187754631,55.20000219345093,51.22500203549862,1756329840.9115,77040.91149997711,46.522525787353516,28.68056297302246,55.606021881103516,0,7.950000315904617
155.55000618100166,156.00000619888306,155.77500618994236,1756330086.3162498,77286.31624984741,53.1849588936679,52.772354915424884,53.93926006585837,0,0.45000001788139343
83.55000331997871,89.25000354647636,86.40000343322754,1756331067.88625,78267.88625001907,54.05121994018555,46.44744110107422,61.046287536621094,0,5.70000022649765
162.90000647306442,181.2000072002411,172.05000683665276,1756331355.50475,78555.50475001335,48.62321853637695,25.301998138427734,66.70537567138672,0,18.300000727176666
143.1000056862831,143.40000569820404,143.25000569224358,1756331447.8472502,78647.84725022316,51.00309003089365,48.31620255121684,52.71709207825143,0,0.30000001192092896
34.2000013589859,35.85000142455101,35.025001391768456,1756331922.5660002,79122.56600022316,53.41264343261719,48.80155944824219,60.96929168701172,0,1.6500000655651093
63.150002509355545,89.85000357031822,76.50000303983688,1756332204.8035002,79404.80350017548,39.08963394165039,18.750612258911133,56.95344924926758,0,26.700001060962677
13.200000524520874,13.500000536441803,13.350000530481339,1756332387.8135002,79587.81350016594,49.782102853952786,46.11192060868434,52.25851810818157,0,0.30000001192092896
13.950000554323196,20.40000081062317,17.175000682473183,1756332567.7735002,79767.77350020409,53.765464782714844,33.621055603027344,64.97149658203125,0,6.4500002562999725
27.450001090765,27.75000110268593,27.600001096725464,1756332893.216,80093.21600008011,48.72394769358247,45.29981855783976,50.710678626315904,0,0.30000001192092896
133.35000529885292,133.65000531077385,133.50000530481339,1756332933.72625,80133.72624993324,51.91450223667285,48.53862409738059,58.36027098548625,0,0.30000001192092896
66.60000264644623,71.85000285506248,69.22500275075436,1756332933.74125,80133.74125003815,54.021976470947266,40.9205322265625,63.344017028808594,0,5.250000208616257
67.05000266432762,67.35000267624855,67.20000267028809,1756332947.611,80147.61100006104,52.85158458220039,49.98302940098541,54.73489889681524,0,0.30000001192092896
145.05000576376915,170.40000677108765,157.7250062674284,1756333121.5685,80321.56850004196,36.1026611328125,18.1954402923584,54.37174987792969,0,25.350001007318497
67.95000270009041,74.85000297427177,71.40000283718109,1756333273.69225,80473.69225001335,49.68063735961914,32.699798583984375,59.33192443847656,0,6.900000274181366
16.500000655651093,28.200001120567322,22.350000888109207,1756333459.266,80659.26600003242,47.677391052246094,37.680458068847656,56.893218994140625,0,11.70000046491623
154.9500061571598,157.35000625252724,156.15000620484352,1756333638.6497502,80838.6497502327,51.13667297363281,46.562705993652344,57.35128402709961,0,2.4000000953674316
123.00000488758087,128.25000509619713,125.625004991889,1756333797.62525,80997.62525010109,50.75937271118164,41.6811408996582,56.12298583984375,0,5.250000208616257
29.700001180171967,30.000001192092896,29.85000118613243,1756333977.6015,81177.60150003433,51.7980888432323,50.19602262029342,54.51969015667714,0,0.30000001192092896
167.10000663995743,170.40000677108765,168.75000670552254,1756334062.744,81262.74399995804,53.26820373535156,48.2030029296875,57.456199645996094,0,3.3000001311302185
24.900000989437103,25.200001001358032,25.050000995397568,1756334062.74525,81262.74524998665,54.00610588610035,48.101720083567436,57.287254115197214,0,0.30000001192092896
49.20000195503235,49.50000196695328,49.35000196099281,1756335091.86525,82291.86525011063,52.04413001395459,49.06108675522897,54.88130319081846,0,0.30000001192092896
62.70000249147415,63.00000250339508,62.850002497434616,1756335183.4115,82383.41149997711,52.00971185640952,51.1883657293999,52.57580187627347,0,0.30000001192092896
46.65000185370445,46.95000186562538,46.80000185966492,1756335251.974,82451.97399997711,52.179902649865035,50.76749640624001,53.16963680016701,0,0.30000001192092896
36.7500014603138,85.20000338554382,60.97500242292881,1756335363.40025,82563.40024995804,37.805416107177734,15.440681457519531,60.89470291137695,0,48.450001925230026
139.3500055372715,139.65000554919243,139.50000554323196,1756335424.59775,82624.5977499485,48.91121754232686,46.62294967076999,50.75835178877732,0,0.30000001192092896
170.25000676512718,170.5500067770481,170.40000677108765,1756335828.91275,83028.91275000572,49.66822792836434,47.72996099937042,53.52911520650145,0,0.30000001192092896
87.0000034570694,87.30000346899033,87.15000346302986,1756336008.2875,83208.28749990463,61.317109215102384,56.92961424024017,64.65324842489534,0,0.30000001192092896
122.25000485777855,123.90000492334366,123.0750048905611,1756336342.22775,83542.22775006294,52.41647720336914,44.14605712890625,55.818782806396484,0,1.6500000655651093
37.350001484155655,59.70000237226486,48.52500192821026,1756336488.7962499,83688.79624986649,45.45229721069336,27.15167236328125,58.75967025756836,0,22.350000888109207
67.20000267028809,71.70000284910202,69.45000275969505,1756336653.06125,83853.06124997139,54.292301177978516,40.64120864868164,59.858890533447266,0,4.500000178813934
55.800002217292786,59.40000236034393,57.60000228881836,1756336968.1247501,84168.12475013733,54.23249435424805,42.391990661621094,62.25059509277344,0,3.6000001430511475
43.20000171661377,43.5000017285347,43.350001722574234,1756337105.49875,84305.49874997139,51.84553888313275,49.52671385348004,56.22303153021146,0,0.30000001192092896
149.850005954504,153.7500061094761,151.80000603199005,1756337285.0735002,84485.0735001564,53.21721267700195,37.55950927734375,60.278926849365234,0,3.9000001549720764
164.85000655055046,170.25000676512718,167.55000665783882,1756337731.7835002,84931.78350019455,50.23709487915039,43.29540252685547,56.09265899658203,0,5.400000214576721
80.10000318288803,122.8500048816204,101.47500403225422,1756338041.4835,85241.48350000381,49.91535186767578,26.404815673828125,68.11064147949219,0,42.750001698732376
64.95000258088112,65.25000259280205,65.10000258684158,1756338049.766,85249.76600003242,50.797384248773646,50.09072529373643,51.69059875308783,0,0.30000001192092896
68.4000027179718,76.20000302791595,72.30000287294388,1756338036.5310001,85236.53100013733,49.85575485229492,39.87800216674805,58.4272346496582,0,7.800000309944153
26.250001043081284,30.600001215934753,28.42500112950802,1756338341.28375,85541.28375005722,52.16223907470703,43.43762969970703,58.23896026611328,0,4.35000017285347
39.45000156760216,43.20000171661377,41.325001642107964,1756338520.86,85720.8599998951,57.49671173095703,50.147010803222656,62.805179595947266,0,3.750000149011612
21.75000086426735,28.050001114606857,24.900000989437103,1756338644.825,85844.82500004768,49.02341079711914,37.23619842529297,56.36603546142578,0,6.300000250339508
155.55000618100166,155.8500061929226,155.70000618696213,1756338824.79,86024.78999996185,57.27040927743758,56.57465082982129,57.796433809877826,0,0.30000001192092896
109.65000435709953,109.95000436902046,109.80000436306,1756338944.76,86144.75999999046,49.56366390119721,45.87340478409067,52.12027711974624,0,0.30000001192092896
114.000004529953,115.80000460147858,114.90000456571579,1756339248.31125,48.31124997138977,55.73054504394531,50.85771942138672,60.72565460205078,0,1.8000000715255737
66.15000262856483,66.60000264644623,66.37500263750553,1756339832.6275,632.6275000572205,52.57461229428486,50.20986581007155,54.0598290423895,0,0.45000001788139343
54.750002175569534,64.05000254511833,59.40000236034393,1756340128.95875,928.9587500095367,51.28690719604492,35.6820182800293,61.11392593383789,0,9.300000369548798
141.75000563263893,142.05000564455986,141.9000056385994,1756341017.97875,1817.9787499904633,50.984955586994396,50.63153147538574,51.475928574948455,0,0.30000001192092896
128.10000509023666,131.55000522732735,129.825005158782,1756341483.2949998,2283.2949998378754,56.49338912963867,44.56138229370117,63.883663177490234,0,3.450000137090683
144.15000572800636,144.60000574588776,144.37500573694706,1756341778.24,2578.2400000095367,54.4155673453663,53.166202516359355,55.86159550294043,0,0.45000001788139343
168.60000669956207,171.60000681877136,170.10000675916672,1756342064.19375,2864.1937499046326,55.6020393371582,44.768314361572266,62.323726654052734,0,3.0000001192092896
30.900001227855682,31.20000123977661,31.050001233816147,1756341997.2862499,2797.2862498760223,54.918551544648984,52.68975581097807,58.095698143895014,0,0.30000001192092896
37.20000147819519,37.650001496076584,37.42500148713589,1756342174.5615,2974.5615000724792,56.15145687486401,52.954593375832346,60.707484191337514,0,0.45000001788139343
169.65000674128532,169.95000675320625,169.8000067472458,1756342644.05925,3444.0592501163483,52.217029494418476,50.93358637838736,53.40836587253361,0,0.30000001192092896
34.050001353025436,35.40000140666962,34.72500137984753,1756343328.72175,4128.721750020981,55.85004425048828,48.30607986450195,60.27621841430664,0,1.3500000536441803
61.35000243782997,123.15000489354134,92.25000366568565,1756343800.85075,4600.850749969482,58.23244857788086,37.03291320800781,88.9041748046875,0,61.800002455711365
33.000001311302185,42.000001668930054,37.50000149011612,1756344371.79,5171.789999961853,55.605892181396484,42.04852294921875,65.2103500366211,0,9.000000357627869
135.45000538229942,136.8000054359436,136.1250054091215,1756344479.3675,5279.367500066757,53.16339111328125,45.184349060058594,57.666812896728516,0,1.3500000536441803
157.35000625252724,159.75000634789467,158.55000630021095,1756344763.7289999,5563.728999853134,54.128047943115234,47.45160675048828,58.533729553222656,0,2.4000000953674316
163.0500064790249,177.45000705122948,170.25000676512718,1756345357.658,6157.657999992371,42.59674072265625,27.01567840576172,58.064823150634766,0,14.40000057220459
46.050001829862595,56.100002229213715,51.075002029538155,1756345640.8270001,6440.827000141144,49.20583724975586,35.393272399902344,62.132347106933594,0,10.05000039935112
36.15000143647194,37.95000150799751,37.050001472234726,1756345820.617,6620.617000102997,55.473201751708984,42.917686462402344,63.2841911315918,0,1.8000000715255737
83.40000331401825,87.15000346302986,85.27500338852406,1756345926.39825,6726.398250102997,55.26521682739258,47.460968017578125,61.085601806640625,0,3.750000149011612
154.5000061392784,163.20000648498535,158.85000631213188,1756346204.74225,7004.742249965668,54.91710662841797,42.56019592285156,62.30472183227539,0,8.70000034570694
157.5000062584877,157.80000627040863,157.65000626444817,1756346384.5235,7184.523499965668,50.686055617997205,49.455768990456335,52.50793140032393,0,0.30000001192092896
149.25000593066216,149.55000594258308,149.40000593662262,1756346493.5045002,7293.5045001506805,50.58588776655939,47.42732984660128,52.95973717040664,0,0.30000001192092896
40.050001591444016,49.65000197291374,44.85000178217888,1756346499.9022498,7299.90224981308,53.253780364990234,40.14057922363281,63.57830810546875,0,9.600000381469727
138.15000548958778,138.60000550746918,138.37500549852848,1756346673.2085,7473.208499908447,57.78441626143382,55.23953162594832,60.01015928488176,0,0.45000001788139343
179.8500071465969,181.05000719428062,180.45000717043877,1756346791.4647498,7591.46474981308,57.49580383300781,53.67650604248047,59.7321891784668,0,1.2000000476837158
155.25000616908073,155.8500061929226,155.55000618100166,1756347081.82125,7881.821249961853,54.3145924587109,50.59491471269463,56.829425066559125,0,0.6000000238418579
169.95000675320625,172.95000687241554,171.4500068128109,1756347186.99875,7986.99874997139,53.874778747558594,38.891334533691406,61.5599365234375,0,3.0000001192092896
125.55000498890877,125.8500050008297,125.70000499486923,1756347355.3834999,8155.383499860764,51.30928562802104,48.578750255235626,54.28644952340716,0,0.30000001192092896
171.60000681877136,175.35000696778297,173.47500689327717,1756347768.8975,8568.897500038147,55.43125915527344,36.07455062866211,62.92304611206055,0,3.750000149011612
15.150000602006912,15.600000619888306,15.375000610947609,1756347768.89875,8568.898750066757,59.289448666377666,53.70577849605387,64.7825501930978,0,0.45000001788139343
174.75000694394112,181.50000721216202,178.12500707805157,1756347778.9322498,8578.93224978447,68.35942077636719,59.4316291809082,78.3020248413086,0,6.7500002682209015
111.30000442266464,111.75000444054604,111.52500443160534,1756347825.3397498,8625.33974981308,57.90901211837715,55.6471102974523,60.60016786052137,0,0.45000001788139343
55.95000222325325,56.25000223517418,56.100002229213715,1756348062.4935,8862.493499994278,50.66374391761264,50.09059769704408,51.216845669440644,0,0.30000001192092896
171.4500068128109,171.75000682473183,171.60000681877136,1756348112.622,8912.62199997902,53.50710358200578,48.90990761228758,60.21132216615388,0,0.30000001192092896
159.45000633597374,168.15000668168068,163.8000065088272,1756348117.30325,8917.303250074387,55.319297790527344,44.186492919921875,63.81563186645508,0,8.70000034570694
87.30000346899033,91.50000363588333,89.40000355243683,1756348497.638,9297.638000011444,56.38102722167969,45.798980712890625,63.283443450927734,0,4.200000166893005
171.75000682473183,172.05000683665276,171.9000068306923,1756348974.176,9774.176000118256,49.53724410700212,47.12935770420799,51.21920785563038,0,0.30000001192092896
12.300000488758087,26.700001060962677,19.500000774860382,1756348974.1772501,9774.177250146866,55.65985870361328,41.680259704589844,64.45790100097656,0,14.40000057220459
49.20000195503235,49.50000196695328,49.35000196099281,1756349267.13325,10067.133249998093,53.55628928039289,52.088040128689805,56.46135027569451,0,0.30000001192092896
133.65000531077385,156.75000622868538,145.20000576972961,1756349375.9055,10175.90549993515,51.14921951293945,36.432552337646484,61.663299560546875,0,23.10000091791153
149.1000059247017,175.95000699162483,162.52500645816326,1756349667.4564998,10467.456499814987,40.284698486328125,18.388490676879883,56.72514343261719,0,26.85000106692314
33.15000131726265,70.05000278353691,51.60000205039978,1756350151.9977498,10951.99774980545,54.657039642333984,33.35658645629883,65.31684875488281,0,36.90000146627426
159.30000633001328,165.1500065624714,162.22500644624233,1756350262.5755,11062.575500011444,49.91917037963867,40.519622802734375,57.79240417480469,0,5.850000232458115
144.4500057399273,144.90000575780869,144.675005748868,1756350441.9654999,11241.96549987793,54.69607893941293,53.536970097269304,55.88102439107332,0,0.45000001788139343
166.20000660419464,176.25000700354576,171.2250068038702,1756350543.3445,11343.34450006485,56.26301574707031,45.71091079711914,62.87190246582031,0,10.05000039935112
20.250000804662704,30.300001204013824,25.275001004338264,1756351012.87225,11812.872250080109,56.2928466796875,38.06451416015625,66.40422821044922,0,10.05000039935112
65.40000259876251,68.4000027179718,66.90000265836716,1756351395.1797502,12195.179750204086,52.58846664428711,43.028289794921875,57.759315490722656,0,3.0000001192092896
174.60000693798065,177.90000706911087,176.25000700354576,1756351686.7237499,12486.723749876022,49.62150955200195,38.7978401184082,53.99062728881836,0,3.3000001311302185
118.6500047147274,118.95000472664833,118.80000472068787,1756351866.675,12666.674999952316,51.409323464863576,47.18526599882179,55.8558254048658,0,0.30000001192092896
178.2000070810318,178.50000709295273,178.35000708699226,1756351866.68875,12666.68875002861,48.94871848614219,47.99092310245964,49.64570739539119,0,0.30000001192092896
32.1000012755394,39.000001549720764,35.55000141263008,1756351866.69,12666.69000005722,55.43678283691406,45.80012512207031,63.070796966552734,0,6.900000274181366
33.45000132918358,51.450002044439316,42.45000168681145,1756351975.85625,12775.856250047684,50.13785171508789,32.095149993896484,58.83812713623047,0,18.000000715255737
49.65000197291374,88.95000353455544,69.30000275373459,1756352264.99625,13064.99624991417,46.787437438964844,16.232492446899414,59.71421813964844,0,39.30000156164169
129.75000515580177,153.00000607967377,141.37500561773777,1756352540.94375,13340.943749904633,49.537994384765625,37.055213928222656,61.113075256347656,0,23.250000923871994
68.70000272989273,69.00000274181366,68.8500027358532,1756352824.10125,13624.101249933243,53.10828737956846,49.1812998229889,56.51393358151432,0,0.30000001192092896
18.900000751018524,64.80000257492065,41.85000166296959,1756353104.85125,13904.851249933243,49.801944732666016,27.90988540649414,60.63300323486328,0,45.90000182390213
77.10000306367874,77.55000308156013,77.32500307261944,1756353113.9075,13913.90750002861,50.002124286059136,48.37000986062527,51.64299309328257,0,0.45000001788139343
74.85000297427177,88.6500035226345,81.75000324845314,1756353380.81375,14180.81375002861,51.83027648925781,41.22739791870117,60.068023681640625,0,13.800000548362732
127.20000505447388,133.050005286932,130.12500517070293,1756353585.38375,14385.383749961853,55.83208465576172,46.569313049316406,64.08246612548828,0,5.850000232458115
78.15000310540199,85.80000340938568,81.97500325739384,1756354168.3075,14968.307499885559,56.99440002441406,40.272274017333984,64.10955810546875,0,7.650000303983688
146.25000581145287,167.2500066459179,156.75000622868538,1756354280.6924999,15080.692499876022,50.41935348510742,28.46337127685547,59.527008056640625,0,21.000000834465027
82.20000326633453,82.65000328421593,82.42500327527523,1756354557.8642502,15357.864250183105,55.8986233932057,54.557308307405926,58.3642159944472,0,0.45000001788139343
45.750001817941666,48.60000193119049,47.17500187456608,1756354743.23425,15543.234250068665,41.67552947998047,16.232492446899414,51.8685188293457,0,2.850000113248825
81.15000322461128,81.45000323653221,81.30000323057175,1756354787.09675,15587.09675002098,47.01811617049241,46.286545348507595,47.5841981684398,0,0.30000001192092896
135.45000538229942,158.85000631213188,147.15000584721565,1756354845.822,15645.822000026703,46.168426513671875,28.656959533691406,58.46840286254883,0,23.40000092983246
178.2000070810318,180.7500071823597,179.47500713169575,1756354973.48325,15773.483249902725,49.201087951660156,40.30032730102539,53.42278289794922,0,2.550000101327896
12.600000500679016,22.50000089406967,17.550000697374344,1756355122.97225,15922.972249984741,53.33721160888672,40.97950744628906,60.6312255859375,0,9.900000393390656
30.45000120997429,30.900001227855682,30.675001218914986,1756355312.13975,16112.139750003815,47.91335109564617,44.879157313597666,51.70475875401586,0,0.45000001788139343
126.90000504255295,129.90000516176224,128.4000051021576,1756355390.98725,16190.987250089645,52.74584197998047,40.26206588745117,62.52762222290039,0,3.0000001192092896
81.45000323653221,87.90000349283218,84.6750033646822,1756355399.55725,16199.557250022888,64.452880859375,43.07987594604492,74.58767700195312,0,6.4500002562999725
28.200001120567322,40.65000161528587,34.4250013679266,1756355416.93225,16216.932250022888,51.7055549621582,39.937889099121094,58.976966857910156,0,12.450000494718552
41.85000166296959,46.350001841783524,44.100001752376556,1756355864.0775,16664.077500104904,51.32144546508789,43.35498046875,56.647830963134766,0,4.500000178813934
63.90000253915787,66.60000264644623,65.25000259280205,1756356522.0180001,17322.018000125885,50.85520935058594,45.183162689208984,54.27111053466797,0,2.7000001072883606
168.900006711483,169.20000672340393,169.05000671744347,1756356550.2365,17350.236500024796,52.99771504769918,45.30916524909873,58.02525388324439,0,0.30000001192092896
125.25000497698784,138.30000549554825,131.77500523626804,1756356796.7949998,17596.794999837875,52.9096565246582,39.489994049072266,61.265811920166016,0,13.05000051856041
132.45000526309013,161.10000640153885,146.7750058323145,1756356992.9737499,17792.973749876022,56.89530944824219,40.267784118652344,66.70924377441406,0,28.650001138448715
73.20000290870667,82.20000326633453,77.7000030875206,1756357095.551,17895.551000118256,52.32966232299805,38.18621826171875,60.41448211669922,0,9.000000357627869
122.70000487565994,125.10000497102737,123.90000492334366,1756357274.93475,18074.93475008011,57.49711990356445,52.51708984375,63.837894439697266,0,2.4000000953674316
174.30000692605972,179.55000713467598,176.92500703036785,1756357370.3147502,18170.31475019455,48.93647384643555,39.44630432128906,55.689414978027344,0,5.250000208616257
148.50000590085983,149.1000059247017,148.80000591278076,1756357573.8895001,18373.889500141144,48.39870435856945,45.835501495130735,52.826696855677646,0,0.6000000238418579
78.00000309944153,84.30000334978104,81.15000322461128,1756357675.0847502,18475.084750175476,52.926177978515625,44.07476043701172,58.70983123779297,0,6.300000250339508
71.85000285506248,72.15000286698341,72.00000286102295,1756357854.8860002,18654.886000156403,48.014953017165986,46.963039556509614,48.58627415583723,0,0.30000001192092896
70.80000281333923,87.15000346302986,78.97500313818455,1756357952.2745001,18752.274500131607,53.562931060791016,41.3206787109375,62.96204376220703,0,16.350000649690628
58.05000230669975,58.35000231862068,58.20000231266022,1756358155.872,18955.87199997902,50.15985999270604,49.018123695306514,52.18698269500085,0,0.30000001192092896
125.8500050008297,126.15000501275063,126.00000500679016,1756358241.3145,19041.31450009346,53.33495065380705,51.98566370405195,54.18816503091813,0,0.30000001192092896
158.25000628829002,170.25000676512718,164.2500065267086,1756358249.85575,19049.855750083923,52.798797607421875,27.20159339904785,59.77781677246094,0,12.000000476837158
153.3000060915947,155.25000616908073,154.27500613033772,1756358429.85075,19229.850749969482,50.2064094543457,44.957523345947266,55.266971588134766,0,1.9500000774860382
16.200000643730164,19.350000768899918,17.77500070631504,1756358525.8335001,19325.833500146866,52.6429443359375,41.14277267456055,58.73509979248047,0,3.150000125169754
36.000001430511475,38.25000151991844,37.12500147521496,1756359098.19225,19898.19225001335,50.513214111328125,43.61709213256836,56.043968200683594,0,2.250000089406967
125.55000498890877,138.60000550746918,132.07500524818897,1756359410.172,20210.171999931335,51.487247467041016,40.40681457519531,60.686378479003906,0,13.05000051856041
30.15000119805336,68.10000270605087,49.125001952052116,1756359891.7635002,20691.763500213623,54.09968566894531,25.5750732421875,68.1080551147461,0,37.95000150799751
171.15000680088997,171.60000681877136,171.37500680983067,1756359932.30075,20732.300750017166,55.119042857165155,52.442152510842504,56.68362617004816,0,0.45000001788139343
168.60000669956207,180.90000718832016,174.75000694394112,1756359990.956,20790.956000089645,52.41024398803711,44.13970184326172,58.85919189453125,0,12.300000488758087
47.700001895427704,58.95000234246254,53.32500211894512,1756360170.7722502,20970.772250175476,55.697784423828125,39.960296630859375,65.0694351196289,0,11.250000447034836
144.4500057399273,176.1000069975853,160.2750063687563,1756360270.56825,21070.568249940872,49.105262756347656,28.819549560546875,58.413604736328125,0,31.650001257658005
25.050000995397568,39.90000158548355,32.47500129044056,1756360559.7535002,21359.75350022316,51.314666748046875,35.940608978271484,61.24449157714844,0,14.850000590085983
172.80000686645508,173.25000688433647,173.02500687539577,1756360739.7525,21539.75250005722,46.005192426708696,43.967571182199606,48.418723108755614,0,0.45000001788139343
132.90000528097153,133.20000529289246,133.050005286932,1756360817.05125,21617.051249980927,45.395161470886336,43.970357353790945,48.124253364389716,0,0.30000001192092896
15.150000602006912,15.450000613927841,15.300000607967377,1756361390.114,22190.114000082016,54.6139563023439,53.735813309574354,55.79391411676986,0,0.30000001192092896
159.1500063240528,159.45000633597374,159.30000633001328,1756361577.70425,22377.704250097275,47.26080687969766,44.9734438101758,48.54129858656975,0,0.30000001192092896
65.10000258684158,85.50000339746475,75.30000299215317,1756361678.08925,22478.089250087738,50.2133674621582,37.43744659423828,58.523704528808594,0,20.40000081062317
120.00000476837158,120.30000478029251,120.15000477433205,1756361857.6567502,22657.65675020218,50.210713068757684,48.419223116794505,51.99788077104398,0,0.30000001192092896
29.10000115633011,29.400001168251038,29.250001162290573,1756361857.673,22657.673000097275,48.62544199231629,47.244561053771186,50.79365781991322,0,0.30000001192092896
22.8000009059906,46.65000185370445,34.72500137984753,1756362230.0092502,23030.009250164032,50.43653869628906,27.24275779724121,61.50470733642578,0,23.850000947713852
156.45000621676445,156.90000623464584,156.67500622570515,1756362497.99825,23297.99825000763,46.095912658111295,44.44591225642958,48.40695631730108,0,0.45000001788139343
73.35000291466713,81.00000321865082,77.17500306665897,1756362503.5795,23303.579499959946,47.86319351196289,33.036277770996094,55.684120178222656,0,7.650000303983688
146.70000582933426,180.60000717639923,163.65000650286674,1756362699.56475,23499.56474995613,55.07795333862305,35.52302932739258,66.61112976074219,0,33.90000134706497
12.000000476837158,138.60000550746918,75.30000299215317,1756362699.566,23499.56599998474,36.275447845458984,11.760912895202637,63.750247955322266,0,126.60000503063202
178.50000709295273,179.25000712275505,178.8750071078539,1756362978.5262501,23778.526250123978,50.55009209327631,42.89120518067948,53.614218338647525,0,0.7500000298023224
123.90000492334366,141.60000562667847,132.75000527501106,1756363341.07125,24141.071249961853,51.56559753417969,33.690303802490234,62.59081268310547,0,17.70000070333481
83.55000331997871,84.00000333786011,83.77500332891941,1756363520.46025,24320.460249900818,48.43815719691013,45.66095579077949,52.309136232334446,0,0.45000001788139343
132.00000524520874,145.50000578165054,138.75000551342964,1756363624.24275,24424.242749929428,49.63521194458008,35.560611724853516,58.66099548339844,0,13.500000536441803
169.05000671744347,181.50000721216202,175.27500696480274,1756363827.41275,24627.412750005722,60.60677719116211,47.033172607421875,68.69225311279297,0,12.450000494718552
16.350000649690628,30.900001227855682,23.625000938773155,1756363930.189,24730.18899989128,51.82848358154297,35.299434661865234,60.40367126464844,0,14.550000578165054
71.85000285506248,72.30000287294388,72.07500286400318,1756364109.3565,24909.356499910355,49.88225449585403,49.42776694080423,50.839395610666216,0,0.45000001788139343
40.20000159740448,60.150002390146255,50.17500199377537,1756364201.343,25001.34299993515,50.30547332763672,33.8255729675293,60.818992614746094,0,19.950000792741776
122.40000486373901,141.60000562667847,132.00000524520874,1756364474.909,25274.90899991989,51.06970977783203,37.5966796875,59.769500732421875,0,19.200000762939453
151.6500060260296,153.3000060915947,152.47500605881214,1756364623.22875,25423.228749990463,48.2717170715332,44.279727935791016,53.62896728515625,0,1.6500000655651093
19.650000780820847,20.10000079870224,19.875000789761543,1756364955.2645,25755.264499902725,48.83779336089117,46.82099929070719,49.82818280361396,0,0.45000001788139343
84.75000336766243,85.05000337958336,84.9000033736229,1756365061.6455002,25861.645500183105,57.341582343711856,56.37629801915565,58.24767360400004,0,0.30000001192092896
147.15000584721565,157.20000624656677,152.1750060468912,1756365335.2105,26135.210500001907,52.07590866088867,34.375919342041016,59.03314971923828,0,10.05000039935112
77.10000306367874,89.5500035583973,83.32500331103802,1756365629.1725,26429.172499895096,51.958927154541016,40.211891174316406,60.134666442871094,0,12.450000494718552
130.35000517964363,179.40000712871552,154.87500615417957,1756365809.159,26609.15899991989,45.76554489135742,13.010300636291504,65.53958129882812,0,49.050001949071884
119.40000474452972,123.3000048995018,121.35000482201576,1756366194.2962499,26994.296249866486,45.45622634887695,33.11753845214844,52.845977783203125,0,3.9000001549720764
145.80000579357147,166.8000066280365,156.30000621080399,1756366471.4475,27271.447499990463,50.189056396484375,33.025474548339844,62.05485534667969,0,21.000000834465027
45.6000018119812,45.90000182390213,45.750001817941666,1756366659.00125,27459.00125002861,45.499569751536285,43.119021314194896,49.25827574624742,0,0.30000001192092896
69.75000277161598,82.20000326633453,75.97500301897526,1756366659.0137498,27459.013749837875,49.16056442260742,34.017452239990234,60.29153823852539,0,12.450000494718552
87.30000346899033,91.6500036418438,89.47500355541706,1756366756.98875,27556.988749980927,50.74784851074219,23.074960708618164,58.06106185913086,0,4.35000017285347
49.50000196695328,67.20000267028809,58.35000231862068,1756367032.9485002,27832.948500156403,52.433860778808594,41.9276237487793,61.34547805786133,0,17.70000070333481
14.250000566244125,14.550000578165054,14.40000057220459,1756367212.93225,28012.93225002289,59.540665363041434,59.19882622873152,59.73954535895392,0,0.30000001192092896
67.35000267624855,72.90000289678574,70.12500278651714,1756367310.11225,28110.112250089645,52.206390380859375,38.371463775634766,59.02663803100586,0,5.550000220537186
36.90000146627426,54.90000218153,45.90000182390213,1756367590.8835,28390.883500099182,51.23161315917969,38.68644332885742,59.80442428588867,0,18.000000715255737
130.5000051856041,137.85000547766685,134.17500533163548,1756367779.87325,28579.87325000763,54.3989143371582,42.180625915527344,60.9156379699707,0,7.350000292062759
69.00000274181366,73.65000292658806,71.32500283420086,1756367887.2585,28687.258500099182,52.814422607421875,47.61017608642578,57.579689025878906,0,4.650000184774399
118.50000470876694,123.3000048995018,120.90000480413437,1756368066.857,28866.857000112534,60.85505676269531,50.69867706298828,68.61766052246094,0,4.800000190734863
154.65000614523888,179.40000712871552,167.0250066369772,1756368160.8345,28960.834500074387,47.46010208129883,27.803173065185547,56.747745513916016,0,24.75000098347664
68.25000271201134,72.00000286102295,70.12500278651714,1756368585.39325,29385.393249988556,48.586544036865234,30.289775848388672,57.32428741455078,0,3.750000149011612
86.550003439188,87.60000348091125,87.07500346004963,1756368622.766,29422.766000032425,48.14860916137695,42.38823318481445,53.724388122558594,0,1.0500000417232513
72.30000287294388,85.50000339746475,78.90000313520432,1756368936.73125,29736.731250047684,60.401695251464844,44.99755859375,71.53418731689453,0,13.200000524520874
26.250001043081284,26.700001060962677,26.47500105202198,1756369145.7827501,29945.7827501297,51.193237570609824,43.42402939715272,57.51177448697665,0,0.45000001788139343
141.450005620718,148.35000589489937,144.90000575780869,1756369303.0640001,30103.0640001297,48.9306640625,36.700599670410156,57.687049865722656,0,6.900000274181366
13.05000051856041,70.65000280737877,41.85000166296959,1756369303.06525,30103.06524991989,38.63795471191406,17.634279251098633,59.08501052856445,0,57.60000228881836
28.80000114440918,50.2500019967556,39.52500157058239,1756369504.6257498,30304.62574982643,59.39444351196289,44.29655456542969,68.49562072753906,0,21.45000085234642
41.55000165104866,57.90000230073929,49.725001975893974,1756369608.9995,30408.99950003624,50.59111785888672,39.093421936035156,58.63994598388672,0,16.350000649690628
40.050001591444016,42.45000168681145,41.25000163912773,1756369898.15575,30698.15575003624,49.06169509887695,40.92650604248047,55.835060119628906,0,2.4000000953674316
15.000000596046448,15.450000613927841,15.225000604987144,1756369898.1882498,30698.18824982643,54.88333222430869,52.40920984991621,56.46546833555115,0,0.45000001788139343
26.85000106692314,64.80000257492065,45.8250018209219,1756370096.52575,30896.5257499218,56.62470626831055,42.170623779296875,66.08976745605469,0,37.95000150799751
65.10000258684158,81.30000323057175,73.20000290870667,1756370196.8945,30996.894500017166,50.91111755371094,40.592987060546875,59.166114807128906,0,16.200000643730164
72.00000286102295,76.35000303387642,74.17500294744968,1756370330.6044998,31130.604499816895,50.61843490600586,39.9219970703125,60.11936569213867,0,4.35000017285347
124.05000492930412,128.850005120039,126.45000502467155,1756370472.84075,31272.84074997902,48.52750778198242,33.58695983886719,55.711395263671875,0,4.800000190734863
13.200000524520874,33.60000133514404,23.40000092983246,1756370926.13075,31726.130749940872,47.40800094604492,20.128372192382812,64.66746520996094,0,20.40000081062317
169.65000674128532,181.50000721216202,175.57500697672367,1756370936.8995,31736.89949989319,54.86284255981445,39.24641036987305,64.12045288085938,0,11.850000470876694
62.850002497434616,67.95000270009041,65.40000259876251,1756371047.528,31847.52800011635,52.354034423828125,41.26163864135742,58.43794250488281,0,5.100000202655792
126.15000501275063,126.45000502467155,126.30000501871109,1756371243.307,32043.3069999218,55.40433699451024,51.895296145891194,58.646380283759136,0,0.30000001192092896
158.25000628829002,160.95000639557838,159.6000063419342,1756371340.278,32140.27800011635,52.672611236572266,41.64055252075195,57.186737060546875,0,2.7000001072883606
55.05000218749046,59.5500023663044,57.30000227689743,1756371468.47425,32268.4742500782,49.689334869384766,38.56608200073242,60.535030364990234,0,4.500000178813934
77.7000030875206,93.45000371336937,85.57500340044498,1756371520.25175,32320.25174999237,54.50429153442383,41.651554107666016,64.37986755371094,0,15.75000062584877
137.85000547766685,160.65000638365746,149.25000593066216,1756371899.38175,32699.38175010681,51.089454650878906,36.74217987060547,61.1109619140625,0,22.8000009059906
22.050000876188278,22.350000888109207,22.200000882148743,1756372007.88025,32807.88024997711,54.40928999509466,52.062401277675896,56.55042341331202,0,0.30000001192092896
15.150000602006912,15.600000619888306,15.375000610947609,1756372088.15525,32888.15525007248,57.94187404795096,56.126895728058926,59.02526124016412,0,0.45000001788139343
84.15000334382057,84.60000336170197,84.37500335276127,1756372176.53425,32976.53425002098,50.25207268344795,47.53353212641496,52.30014409604256,0,0.45000001788139343
134.85000535845757,162.1500064432621,148.50000590085983,1756372356.109,33156.108999967575,56.08284378051758,38.42983627319336,66.00385284423828,0,27.300001084804535
131.55000522732735,137.250005453825,134.40000534057617,1756372459.67775,33259.677750110626,47.66719055175781,35.05828094482422,56.14608383178711,0,5.70000022649765
150.3000059723854,171.60000681877136,160.95000639557838,1756372724.81675,33524.81675004959,50.66607666015625,34.26348876953125,61.75143814086914,0,21.300000846385956
19.950000792741776,20.40000081062317,20.175000801682472,1756373011.55425,33811.55425000191,51.6468117325268,47.35231510041544,54.369541548298166,0,0.45000001788139343
44.700001776218414,60.30000239610672,52.50000208616257,1756373283.8865001,34083.88650012016,52.020721435546875,37.068885803222656,59.851959228515625,0,15.600000619888306
52.95000210404396,56.85000225901604,54.90000218153,1756373477.84775,34277.8477499485,53.92011642456055,39.756614685058594,63.458038330078125,0,3.9000001549720764
36.7500014603138,37.050001472234726,36.90000146627426,1756373730.19275,34530.19274997711,50.99537749190216,45.83765368285,53.89192673008679,0,0.30000001192092896
167.2500066459179,179.55000713467598,173.40000689029694,1756373758.7915,34558.79150009155,50.26464080810547,28.686445236206055,63.56971740722656,0,12.300000488758087
124.50000494718552,137.10000544786453,130.80000519752502,1756373848.96525,34648.96525001526,50.098472595214844,37.12733840942383,58.712100982666016,0,12.600000500679016
24.600000977516174,25.350001007318497,24.975000992417336,1756373910.8865001,34710.88650012016,49.04901777976921,42.8553480612003,57.20580984690613,0,0.7500000298023224
165.30000656843185,165.75000658631325,165.52500657737255,1756374061.724,34861.72399997711,48.213736132930435,47.41679367519989,48.80161661487513,0,0.45000001788139343
52.95000210404396,73.0500029027462,63.00000250339508,1756374165.69525,34965.69525003433,50.51750564575195,38.02773666381836,59.9309196472168,0,20.10000079870224
70.9500028192997,85.20000338554382,78.07500310242176,1756374345.669,35145.668999910355,57.58768844604492,43.680633544921875,66.30803680419922,0,14.250000566244125
78.60000312328339,78.90000313520432,78.75000312924385,1756374662.619,35462.61899995804,47.07238050952876,44.84854811974092,49.807803134443,0,0.30000001192092896
18.300000727176666,47.55000188946724,32.92500130832195,1756374759.5952501,35559.5952501297,50.460758209228516,33.25926208496094,60.524803161621094,0,29.250001162290573
171.15000680088997,171.4500068128109,171.30000680685043,1756374846.00025,35646.00025010109,46.813369862231895,45.873741720730656,48.15192423308545,0,0.30000001192092896
93.00000369548798,95.8500038087368,94.42500375211239,1756375030.74625,35830.74624991417,52.49298095703125,37.73932647705078,57.861968994140625,0,2.850000113248825
67.35000267624855,69.15000274777412,68.25000271201134,1756375229.5175,36029.517499923706,53.39474868774414,46.30183792114258,57.744083404541016,0,1.8000000715255737
91.05000361800194,96.00000381469727,93.5250037163496,1756375334.28875,36134.28874993324,51.565086364746094,40.82605743408203,59.820133209228516,0,4.950000196695328
37.80000150203705,57.450002282857895,47.62500189244747,1756375601.85225,36401.85225009918,48.4175910949707,32.21675109863281,58.52113342285156,0,19.650000780820847
144.90000575780869,145.20000576972961,145.05000576376915,1756375789.4197502,36589.41975021362,47.99544087403967,47.1803642078278,48.89508993619212,0,0.30000001192092896
169.8000067472458,181.50000721216202,175.6500069797039,1756375887.4097502,36687.40975022316,49.47467803955078,37.07314682006836,56.40727233886719,0,11.70000046491623
13.950000554323196,48.1500019133091,31.050001233816147,1756375887.411,36687.41100001335,48.65534591674805,30.406024932861328,59.310054779052734,0,34.2000013589859
31.950001269578934,32.25000128149986,32.1000012755394,1756376067.3747501,36867.37475013733,45.16014222714643,44.057731013733566,45.80286173002488,0,0.30000001192092896
144.4500057399273,160.20000636577606,152.32500605285168,1756376067.391,36867.391000032425,41.756412506103516,21.522884368896484,54.465450286865234,0,15.75000062584877
143.5500057041645,171.75000682473183,157.65000626444817,1756376162.16225,36962.16225004196,51.14615249633789,32.63636016845703,62.89447784423828,0,28.200001120567322
175.05000695586205,178.6500070989132,176.85000702738762,1756376360.35225,37160.35225009918,53.328697204589844,48.33854293823242,57.93098449707031,0,3.6000001430511475
33.45000132918358,74.70000296831131,54.075002148747444,1756376460.9372501,37260.93725013733,48.37454605102539,28.727388381958008,58.644012451171875,0,41.25000163912773
145.650005787611,145.95000579953194,145.80000579357147,1756376744.0935001,37544.09350013733,53.82106702858024,51.44200460183879,56.399822581424964,0,0.30000001192092896
162.30000644922256,162.6000064611435,162.45000645518303,1756377179.85125,37979.85124993324,56.12513491578594,52.97644537895267,58.11043205830627,0,0.30000001192092896
47.55000188946724,51.15000203251839,49.35000196099281,1756377604.14525,38404.145250082016,53.83464431762695,45.154762268066406,61.471412658691406,0,3.6000001430511475
51.15000203251839,68.55000272393227,59.85000237822533,1756377711.13025,38511.13024997711,50.18950653076172,28.2347412109375,59.320396423339844,0,17.40000069141388
160.35000637173653,164.85000655055046,162.6000064611435,1756377891.11275,38691.112750053406,56.65696716308594,47.37733459472656,62.241905212402344,0,4.500000178813934
114.4500045478344,124.95000496506691,119.70000475645065,1756377988.2892501,38788.28925013542,51.52833938598633,38.87504959106445,58.99551010131836,0,10.500000417232513
118.50000470876694,121.50000482797623,120.00000476837158,1756378168.0805001,38968.080500125885,54.84662628173828,41.3129768371582,62.73810958862305,0,3.0000001192092896
66.15000262856483,84.15000334382057,75.1500029861927,1756378261.86675,39061.86675000191,51.498043060302734,31.869564056396484,59.54150390625,0,18.000000715255737
36.7500014603138,41.55000165104866,39.15000155568123,1756378441.058,39241.05800008774,51.71575164794922,41.83326721191406,58.37822341918945,0,4.800000190734863
19.950000792741776,20.250000804662704,20.10000079870224,1756378536.6405,39336.640500068665,53.67872564967579,51.191601755402814,55.96301234832975,0,0.30000001192092896
64.50000256299973,88.6500035226345,76.57500304281712,1756379111.43,39911.43000006676,44.86540985107422,15.56302547454834,56.98318862915039,0,24.15000095963478
116.25000461935997,165.30000656843185,140.7750055938959,1756379308.21275,40108.21274995804,33.28317642211914,16.232492446899414,61.36272048950195,0,49.050001949071884
30.600001215934753,44.400001764297485,37.50000149011612,1756379394.62775,40194.62774991989,50.9069709777832,40.63483810424805,61.06755065917969,0,13.800000548362732
180.3000071644783,180.60000717639923,180.45000717043877,1756379574.004,40374.0039999485,45.40703086768861,42.192176570229066,47.5065493487096,0,0.30000001192092896
140.70000559091568,169.20000672340393,154.9500061571598,1756379664.59925,40464.5992500782,43.15647888183594,23.096302032470703,56.061912536621094,0,28.50000113248825
53.100002110004425,53.55000212788582,53.32500211894512,1756379848.9905,40648.9904999733,48.414729773302035,46.38039754259444,49.44196338234869,0,0.45000001788139343
33.75000134110451,47.55000188946724,40.65000161528587,1756379938.17925,40738.17925000191,50.69904708862305,36.46795654296875,60.29647445678711,0,13.800000548362732
114.75000455975533,115.05000457167625,114.90000456571579,1756380112.1545,40912.15450000763,54.22527666696536,52.423277068097036,57.5527328423224,0,0.30000001192092896
40.80000162124634,44.85000178217888,42.82500170171261,1756380117.9555,40917.95549988747,48.514854431152344,41.01953125,54.8900032043457,0,4.050000160932541
19.350000768899918,32.85000130534172,26.10000103712082,1756380216.55325,41016.55325007439,50.93342208862305,30.111473083496094,60.988468170166016,0,13.500000536441803
129.75000515580177,135.75000539422035,132.75000527501106,1756380425.92325,41225.923249959946,45.71532440185547,33.41830062866211,56.26560974121094,0,6.000000238418579
180.00000715255737,181.50000721216202,180.7500071823597,1756380425.93825,41225.93825006485,55.08641052246094,46.83245086669922,61.74933624267578,0,1.5000000596046448
13.950000554323196,19.950000792741776,16.950000673532486,1756380425.9395,41225.93950009346,57.4013671875,48.09680938720703,65.77803039550781,0,6.000000238418579
97.80000388622284,126.75000503659248,112.27500446140766,1756380524.9147499,41324.91474986076,48.53978729248047,28.312297821044922,61.190826416015625,0,28.950001150369644
86.85000345110893,88.95000353455544,87.90000349283218,1756380704.9022498,41504.90224981308,50.77810287475586,42.89321517944336,55.61691665649414,0,2.1000000834465027
123.90000492334366,151.2000060081482,137.55000546574593,1756380794.88475,41594.884749889374,49.7393684387207,32.567176818847656,62.58039093017578,0,27.300001084804535
78.15000310540199,78.45000311732292,78.30000311136246,1756380998.8487499,41798.84874987602,44.510473242750095,42.71469858615745,45.40917314258837,0,0.30000001192092896
101.85000404715538,122.70000487565994,112.27500446140766,1756381099.6399999,41899.639999866486,42.02849578857422,20.718820571899414,53.941749572753906,0,20.850000828504562
163.8000065088272,179.55000713467598,171.6750068217516,1756381292.82025,42092.82025003433,55.259986877441406,42.46178436279297,63.71040344238281,0,15.75000062584877
146.5500058233738,164.40000653266907,155.47500617802143,1756381388.80275,42188.802750110626,49.290950775146484,34.616485595703125,58.86475372314453,0,17.850000709295273
148.50000590085983,154.35000613331795,151.4250060170889,1756381602.7855,42402.78550004959,53.914283752441406,42.321319580078125,64.18868255615234,0,5.850000232458115
97.9500038921833,111.60000443458557,104.77500416338444,1756381689.9655,42489.96550011635,51.26747131347656,37.09693908691406,59.32844543457031,0,13.650000542402267
62.55000248551369,65.70000261068344,64.12500254809856,1756381869.7505002,42669.75050020218,53.66866683959961,47.98408889770508,61.15860366821289,0,3.150000125169754
175.95000699162483,176.25000700354576,176.1000069975853,1756381965.9305,42765.93050003052,51.18890503628677,44.69498014518465,55.220619383181536,0,0.30000001192092896
52.20000207424164,55.800002217292786,54.00000214576721,1756382161.70825,42961.70825004578,45.71222686767578,36.6819953918457,53.216129302978516,0,3.6000001430511475
85.95000341534615,157.0500062406063,121.50000482797623,1756382253.9069998,43053.90699982643,48.83192825317383,30.09450912475586,59.661373138427734,0,71.10000282526016
88.20000350475311,88.50000351667404,88.35000351071358,1756382433.6785,43233.67849993706,46.44009702789655,44.637735788993965,48.56160734743992,0,0.30000001192092896
110.25000438094139,113.10000449419022,111.6750044375658,1756382465.59475,43265.59474992752,45.629844665527344,39.04769515991211,55.76481628417969,0,2.850000113248825
124.35000494122505,131.25000521540642,127.80000507831573,1756382532.2685,43332.268500089645,47.709716796875,34.01228332519531,57.222686767578125,0,6.900000274181366
177.300007045269,180.7500071823597,179.02500711381435,1756382742.635,43542.63499999046,44.45859909057617,26.59916114807129,53.67761993408203,0,3.450000137090683
135.30000537633896,155.70000618696213,145.50000578165054,1756382834.61625,43634.61625003815,48.993892669677734,32.1932258605957,58.884727478027344,0,20.40000081062317
157.35000625252724,160.80000638961792,159.07500632107258,1756383123.7525,43923.75250005722,47.246822357177734,38.47264099121094,53.55723571777344,0,3.450000137090683
28.50000113248825,28.950001150369644,28.725001141428947,1756383266.17275,44066.172749996185,55.133961234979466,53.0542661197217,57.19382669932273,0,0.45000001788139343
119.1000047326088,119.55000475049019,119.32500474154949,1756383266.19025,44066.19024991989,46.90346205454415,46.373896501292116,47.51271403658306,0,0.45000001788139343
25.650001019239426,25.950001031160355,25.80000102519989,1756383368.51275,44168.512749910355,56.22068766993112,50.43307250799905,61.21926361394771,0,0.30000001192092896
101.70000404119492,104.10000413656235,102.90000408887863,1756383653.46275,44453.46274995804,47.079322814941406,31.906118392944336,53.5855712890625,0,2.4000000953674316
136.95000544190407,141.9000056385994,139.42500554025173,1756383653.4765,44453.47650003433,50.24943923950195,34.877037048339844,57.95894241333008,0,4.950000196695328
42.60000169277191,53.85000213980675,48.22500191628933,1756383653.4777498,44453.477749824524,50.75423812866211,38.48927688598633,60.404659271240234,0,11.250000447034836
170.5500067770481,178.80000710487366,174.67500694096088,1756383751.2602499,44551.260249853134,52.07341766357422,41.20771408081055,61.24049758911133,0,8.250000327825546
131.10000520944595,131.55000522732735,131.32500521838665,1756383973.43175,44773.43175005913,47.90088355312927,46.54455710225363,48.94924977359543,0,0.45000001788139343
176.25000700354576,176.85000702738762,176.5500070154667,1756384244.408,45044.40799999237,50.39669155251203,45.58972426237116,54.6786549859512,0,0.6000000238418579
171.4500068128109,172.95000687241554,172.20000684261322,1756384345.19425,45145.19425010681,50.833736419677734,36.65862274169922,56.19053649902344,0,1.5000000596046448
72.30000287294388,81.45000323653221,76.87500305473804,1756384577.3582501,45377.358250141144,54.531524658203125,37.837608337402344,63.41950988769531,0,9.150000363588333
111.30000442266464,112.3500044643879,111.82500444352627,1756384622.54075,45422.5407500267,46.02275521358617,42.53386472987771,48.68679697679197,0,1.0500000417232513
151.50000602006912,178.50000709295273,165.00000655651093,1756384679.9320002,45479.93200016022,49.46115493774414,37.14999771118164,58.96223068237305,0,27.000001072883606
13.200000524520874,29.10000115633011,21.15000084042549,1756384679.93325,45479.93324995041,46.33374786376953,27.58911895751953,55.476318359375,0,15.900000631809235
60.75000241398811,75.45000299811363,68.10000270605087,1756384872.31325,45672.31325006485,55.98220443725586,36.723751068115234,69.50399780273438,0,14.700000584125519
85.05000337958336,97.65000388026237,91.35000362992287,1756384963.09525,45763.09524989128,51.46430969238281,30.569047927856445,59.9214973449707,0,12.600000500679016
141.30000561475754,163.50000649690628,152.4000060558319,1756384963.0965,45763.09649991989,33.01652145385742,10.0,51.15070724487305,0,22.200000882148743
19.350000768899918,27.450001090765,23.40000092983246,1756385261.86175,46061.86174988747,51.71958923339844,41.684974670410156,59.83549499511719,0,8.100000321865082
138.60000550746918,138.9000055193901,138.75000551342964,1756385698.724,46498.72399997711,50.420553563797405,50.03934206173709,50.68297205031453,0,0.30000001192092896
52.3500020802021,52.65000209212303,52.50000208616257,1756385698.72525,46498.72525000572,51.857946714122356,51.192096852796055,52.57913654103346,0,0.30000001192092896
109.50000435113907,109.95000436902046,109.72500436007977,1756385834.205,46634.204999923706,51.156702426432844,48.275114295265325,53.7683599666343,0,0.45000001788139343
160.80000638961792,161.2500064074993,161.02500639855862,1756386014.37575,46814.37575006485,47.07247069998825,46.68376596965928,47.622508093497245,0,0.45000001788139343
83.25000330805779,83.55000331997871,83.40000331401825,1756386016.2020001,46816.202000141144,48.68015463816035,45.50448502899969,50.57388401331867,0,0.30000001192092896
109.50000435113907,110.25000438094139,109.87500436604023,1756386113.783,46913.78299999237,51.95865616038526,48.482383958388255,55.96794956893753,0,0.7500000298023224
49.80000197887421,58.95000234246254,54.37500216066837,1756386425.7477498,47225.74774980545,47.04452896118164,35.97256088256836,54.87567138671875,0,9.150000363588333
114.15000453591347,114.60000455379486,114.37500454485416,1756386605.1225002,47405.1225001812,48.47061249837703,47.45940954018303,49.61606163751603,0,0.45000001788139343
154.9500061571598,161.2500064074993,158.10000628232956,1756386707.7185,47507.71849989891,49.25519561767578,40.129638671875,57.2386589050293,0,6.300000250339508
39.60000157356262,40.050001591444016,39.82500158250332,1756387260.668,48060.667999982834,51.745256735948686,48.3387351686722,54.80907672622755,0,0.45000001788139343
179.40000712871552,179.8500071465969,179.6250071376562,1756387295.6455002,48095.645500183105,52.85098298470681,51.16813553455286,54.091601690485135,0,0.45000001788139343
90.90000361204147,93.3000037074089,92.10000365972519,1756387508.02775,48308.02775001526,52.5075798034668,36.621910095214844,58.450775146484375,0,2.4000000953674316
81.15000322461128,88.6500035226345,84.9000033736229,1756387598.01625,48398.016249895096,51.45293426513672,37.87177276611328,57.34324645996094,0,7.500000298023224
87.45000347495079,87.75000348687172,87.60000348091125,1756387778.00125,48578.00125002861,48.028690553410776,44.847979243318846,50.75700214754788,0,0.30000001192092896
109.65000435709953,110.25000438094139,109.95000436902046,1756387778.0175,48578.017499923706,52.333560330366026,48.84580145177055,54.487974967193516,0,0.6000000238418579
109.50000435113907,109.80000436306,109.65000435709953,1756387876.40225,48676.4022500515,50.708343786512614,46.21736969973571,54.881472557028744,0,0.30000001192092896
43.80000174045563,50.85000202059746,47.32500188052654,1756388177.59325,48977.59325003624,50.5226936340332,40.02684020996094,57.975852966308594,0,7.0500002801418304
32.1000012755394,48.30000191926956,40.20000159740448,1756388359.997,49159.99699997902,54.819522857666016,35.970367431640625,64.85709381103516,0,16.200000643730164
149.70000594854355,157.0500062406063,153.37500609457493,1756388609.23025,49409.230249881744,46.659515380859375,27.032913208007812,57.95954132080078,0,7.350000292062759
67.50000268220901,82.05000326037407,74.77500297129154,1756388609.2315,49409.231499910355,48.702476501464844,25.89949607849121,61.396217346191406,0,14.550000578165054
69.00000274181366,81.45000323653221,75.22500298917294,1756388766.764,49566.763999938965,51.41478729248047,36.048736572265625,60.01902770996094,0,12.450000494718552
112.80000448226929,113.10000449419022,112.95000448822975,1756388891.06625,49691.06625008583,46.439953771720816,44.313155065355254,48.052765166896094,0,0.30000001192092896
113.85000452399254,114.15000453591347,114.000004529953,1756389045.143,49845.14299988747,45.79034982027215,44.22704717376792,47.69687425683675,0,0.30000001192092896
127.9500050842762,128.25000509619713,128.10000509023666,1756389281.912,50081.91199994087,51.19903148911572,47.305400364771195,55.005246277601756,0,0.30000001192092896
64.35000255703926,72.90000289678574,68.6250027269125,1756389363.0,50163.0,47.07975769042969,33.0663948059082,59.50902557373047,0,8.550000339746475
14.250000566244125,14.700000584125519,14.475000575184822,1756389382.3125,50182.3125,50.73486673411435,46.250036010148634,53.12276817957289,0,0.45000001788139343
23.10000091791153,38.10000151395798,30.600001215934753,1756389567.907,50367.90700006485,58.418819427490234,40.77076721191406,68.18087768554688,0,15.000000596046448
176.1000069975853,176.40000700950623,176.25000700354576,1756389887.87,50687.86999988556,51.15351617070784,48.204510577972684,53.158234577511564,0,0.30000001192092896
112.05000445246696,116.25000461935997,114.15000453591347,1756389985.85275,50785.85275006294,52.051666259765625,41.711700439453125,57.067962646484375,0,4.200000166893005
67.95000270009041,76.20000302791595,72.07500286400318,1756390165.84675,50965.84675002098,56.95404815673828,42.81828308105469,65.04977416992188,0,8.250000327825546
124.50000494718552,124.80000495910645,124.65000495314598,1756390198.278,50998.27800011635,50.50795378570488,43.77670439334323,56.711274662942834,0,0.30000001192092896
68.25000271201134,80.85000321269035,74.55000296235085,1756390595.3869998,51395.386999845505,49.47920608520508,31.082265853881836,61.14780807495117,0,12.600000500679016
56.55000224709511,56.85000225901604,56.70000225305557,1756390774.75975,51574.759749889374,47.2497343457367,46.27386341698366,48.372727025023,0,0.30000001192092896
43.5000017285347,43.95000174641609,43.725001737475395,1756390961.7125,51761.71250009537,51.60863348767978,50.75587104405285,52.219955163490596,0,0.45000001788139343
65.10000258684158,65.70000261068344,65.40000259876251,1756391180.90675,51980.90674996376,48.9473429503855,47.15158989858749,50.5905195944199,0,0.6000000238418579
27.000001072883606,30.900001227855682,28.950001150369644,1756391387.67725,52187.67724990845,49.82136154174805,41.19586181640625,54.536319732666016,0,3.9000001549720764
112.80000448226929,113.25000450015068,113.02500449120998,1756391490.4747498,52290.47474980354,51.11200438854448,49.505254941464145,52.64938181431162,0,0.45000001788139343
143.1000056862831,143.40000569820404,143.25000569224358,1756392004.6880002,52804.68800020218,49.62596663856271,47.90643994983775,52.29684401499775,0,0.30000001192092896
148.80000591278076,170.70000678300858,159.75000634789467,1756392091.62975,52891.62975001335,50.10660934448242,31.69086456298828,62.019981384277344,0,21.900000870227814
119.25000473856926,126.15000501275063,122.70000487565994,1756392331.6125002,53131.612500190735,53.125030517578125,42.06123733520508,62.01387405395508,0,6.900000274181366
58.20000231266022,64.2000025510788,61.20000243186951,1756392437.1975,53237.19749999046,48.547149658203125,36.9783935546875,57.034210205078125,0,6.000000238418579
43.5000017285347,44.100001752376556,43.80000174045563,1756392631.59525,53431.59524989128,48.70665620750916,44.09510452269316,52.003305651247736,0,0.6000000238418579
65.10000258684158,81.9000032544136,73.5000029206276,1756392732.38275,53532.38275003433,50.088356018066406,38.6486701965332,58.22688674926758,0,16.80000066757202
169.8000067472458,180.45000717043877,175.12500695884228,1756392959.55675,53759.55675005913,44.51412582397461,29.666109085083008,54.10005569458008,0,10.650000423192978
137.40000545978546,137.7000054717064,137.55000546574593,1756393000.2905,53800.29049992561,50.97485103268843,47.80792399383684,55.02152526303818,0,0.30000001192092896
81.9000032544136,82.20000326633453,82.05000326037407,1756393098.908,53898.90799999237,52.14157857295675,47.79913799850263,55.68985094733933,0,0.30000001192092896
170.85000678896904,177.90000706911087,174.37500692903996,1756393067.15925,53867.15925002098,50.00161361694336,38.28788757324219,58.85151672363281,0,7.0500002801418304
50.2500019967556,50.55000200867653,50.400002002716064,1756393577.5197499,54377.51974987984,53.76040973128053,52.82773874206071,54.92691957817121,0,0.30000001192092896
115.05000457167625,115.35000458359718,115.20000457763672,1756393680.2995,54480.299499988556,51.833566658606266,50.15301062999921,52.9587264781007,0,0.30000001192092896
118.6500047147274,120.15000477433205,119.40000474452972,1756393710.3945,54510.394500017166,46.220123291015625,43.01290512084961,47.873538970947266,0,1.5000000596046448
22.200000882148743,34.050001353025436,28.12500111758709,1756393859.48525,54659.485249996185,58.57133865356445,42.3398551940918,69.97514343261719,0,11.850000470876694
43.350001722574234,57.750002294778824,50.55000200867653,1756393951.464,54751.46399998665,49.10501480102539,28.536983489990234,59.270118713378906,0,14.40000057220459
78.30000311136246,79.50000315904617,78.90000313520432,1756394456.4035,55256.40350008011,48.659427642822266,44.689674377441406,50.696163177490234,0,1.2000000476837158
150.45000597834587,151.05000600218773,150.7500059902668,1756394735.2585,55535.25850009918,47.82983214963441,44.16690423375564,51.31596211321359,0,0.6000000238418579
41.400001645088196,41.85000166296959,41.62500165402889,1756394763.56075,55563.56075000763,47.902434734160316,47.0943109504765,49.11216221217763,0,0.45000001788139343
14.250000566244125,40.50000160932541,27.375001087784767,1756395020.25325,55820.25324988365,43.59031295776367,4.771212577819824,65.90637969970703,0,26.250001043081284
126.75000503659248,127.20000505447388,126.97500504553318,1756395053.32825,55853.328249931335,47.20739013210412,46.601252193165585,47.61077954154481,0,0.45000001788139343
36.90000146627426,58.20000231266022,47.55000188946724,1756395152.5145,55952.514499902725,48.84410858154297,29.876663208007812,56.84840393066406,0,21.300000846385956
139.3500055372715,148.05000588297844,143.70000571012497,1756395508.8595,56308.859499931335,49.29830551147461,37.452308654785156,57.6541748046875,0,8.70000034570694
15.300000607967377,30.300001204013824,22.8000009059906,1756395688.237,56488.236999988556,54.576576232910156,36.48554992675781,65.30534362792969,0,15.000000596046448
75.45000299811363,77.40000307559967,76.42500303685665,1756396000.17,56800.170000076294,50.18524169921875,43.83779525756836,56.74626922607422,0,1.9500000774860382
175.6500069797039,181.50000721216202,178.57500709593296,1756396096.7462502,56896.74625015259,49.01958084106445,35.07855987548828,57.39992141723633,0,5.850000232458115
16.80000066757202,17.10000067949295,16.950000673532486,1756396096.7475002,56896.7475001812,46.189321986971095,44.26543791568096,48.499780472548906,0,0.30000001192092896
49.95000198483467,50.400002002716064,50.17500199377537,1756396138.646,56938.64599990845,45.22746769881506,44.17720739075684,46.62039708272124,0,0.45000001788139343
120.90000480413437,135.30000537633896,128.10000509023666,1756396278.12825,57078.12824988365,52.6561393737793,35.47159194946289,64.0444107055664,0,14.40000057220459
60.60000240802765,122.40000486373901,91.50000363588333,1756396376.307,57176.3069999218,48.653533935546875,16.127838134765625,87.6796875,0,61.800002455711365
170.40000677108765,174.0000069141388,172.20000684261322,1756396454.68325,57254.68324995041,52.216156005859375,40.69001770019531,60.16972351074219,0,3.6000001430511475
112.3500044643879,118.20000469684601,115.27500458061695,1756397313.3695,58113.3694999218,47.8559455871582,37.22304916381836,55.607601165771484,0,5.850000232458115
122.40000486373901,125.8500050008297,124.12500493228436,1756397313.3982499,58113.39824986458,48.7963981628418,33.04059600830078,58.67967987060547,0,3.450000137090683
134.10000532865524,166.50000661611557,150.3000059723854,1756397504.94075,58304.94074988365,38.224639892578125,16.334684371948242,57.96889877319336,0,32.40000128746033
57.60000228881836,59.40000236034393,58.500002324581146,1756397504.942,58304.94199991226,50.70309829711914,46.565773010253906,57.3066291809082,0,1.8000000715255737
132.90000528097153,135.90000540018082,134.40000534057617,1756397597.706,58397.706000089645,48.845428466796875,40.78420639038086,56.597328186035156,0,3.0000001192092896
33.60000133514404,61.800002455711365,47.700001895427704,1756397810.86725,58610.86724996567,56.080196380615234,40.26206588745117,68.01146697998047,0,28.200001120567322
73.65000292658806,87.15000346302986,80.40000319480896,1756397908.4385,58708.43849992752,51.375675201416016,38.710472106933594,61.97536087036133,0,13.500000536441803
65.70000261068344,69.15000274777412,67.42500267922878,1756398073.876,58873.87599992752,53.59971618652344,36.39287185668945,60.5885009765625,0,3.450000137090683
76.80000305175781,86.40000343322754,81.60000324249268,1756398191.576,58991.575999975204,50.063926696777344,32.581581115722656,57.065216064453125,0,9.600000381469727
137.85000547766685,157.65000626444817,147.7500058710575,1756398402.73725,59202.737250089645,50.73204803466797,34.32969284057617,60.015254974365234,0,19.80000078678131
74.85000297427177,75.1500029861927,75.00000298023224,1756398402.7385,59202.738500118256,49.41232904849781,46.57915936829955,52.62144839765349,0,0.30000001192092896
84.75000336766243,87.60000348091125,86.17500342428684,1756398497.50975,59297.509749889374,46.968814849853516,35.62411880493164,53.96265411376953,0,2.850000113248825
180.7500071823597,181.50000721216202,181.12500719726086,1756398676.68475,59476.68475008011,49.60537230351528,45.403920487383786,52.49772958531965,0,0.7500000298023224
166.05000659823418,178.80000710487366,172.42500685155392,1756398777.05975,59577.05975008011,47.81248474121094,30.453227996826172,56.35988235473633,0,12.75000050663948
53.400002121925354,53.70000213384628,53.55000212788582,1756398977.621,59777.6210000515,47.11593572240167,46.3382180730168,47.54363627501021,0,0.30000001192092896
63.150002509355545,70.20000278949738,66.67500264942646,1756399080.601,59880.60100007057,53.09686279296875,40.544212341308594,60.65189743041992,0,7.0500002801418304
113.85000452399254,114.15000453591347,114.000004529953,1756399372.14325,60172.143249988556,48.65819601811327,46.9808313868209,50.11409720673848,0,0.30000001192092896
128.850005120039,136.65000542998314,132.75000527501106,1756399696.1035,60496.103499889374,39.84379959106445,20.413928985595703,51.95905303955078,0,7.800000309944153
153.90000611543655,157.5000062584877,155.70000618696213,1756399865.08825,60665.0882499218,49.137123107910156,39.82768630981445,58.01717758178711,0,3.6000001430511475
57.0000022649765,87.90000349283218,72.45000287890434,1756399880.49575,60680.49574995041,42.0438232421875,19.138137817382812,62.3017463684082,0,30.900001227855682
176.40000700950623,180.90000718832016,178.6500070989132,1756399981.6694999,60781.669499874115,51.56140899658203,40.44970703125,58.14006042480469,0,4.500000178813934
178.50000709295273,180.90000718832016,179.70000714063644,1756400309.237,61109.236999988556,52.41725158691406,46.06886291503906,58.149497985839844,0,2.4000000953674316
156.60000622272491,159.90000635385513,158.25000628829002,1756400465.5844998,61265.58449983597,50.513885498046875,39.76579284667969,58.78374099731445,0,3.3000001311302185
70.80000281333923,71.10000282526016,70.9500028192997,1756400488.41325,61288.41324996948,46.51827706142757,44.67578510402737,49.196794092155855,0,0.30000001192092896
29.250001162290573,84.60000336170197,56.92500226199627,1756400488.4282498,61288.42824983597,33.673797607421875,17.558748245239258,59.13518524169922,0,55.35000219941139
171.60000681877136,177.90000706911087,174.75000694394112,1756400772.3757498,61572.37574982643,49.501708984375,23.26335906982422,56.50762176513672,0,6.300000250339508
42.45000168681145,52.65000209212303,47.55000188946724,1756400867.15575,61667.15575003624,51.818511962890625,36.68665313720703,60.30099868774414,0,10.200000405311584
35.25000140070915,35.55000141263008,35.40000140666962,1756400867.1569998,61667.15699982643,47.17492116554345,46.70338641127442,47.58025754574382,0,0.30000001192092896
14.100000560283661,15.300000607967377,14.700000584125519,1756401046.332,61846.332000017166,59.34831509117011,50.25498387120621,62.607721363419564,0,1.2000000476837158
173.70000690221786,174.15000692009926,173.92500691115856,1756401060.10325,61860.1032500267,50.074406409373,48.419848045901134,53.70644449825104,0,0.45000001788139343
32.55000129342079,36.000001430511475,34.27500136196613,1756401060.1044998,61860.104499816895,55.10758590698242,39.735897064208984,62.877769470214844,0,3.450000137090683
87.60000348091125,113.55000451207161,100.57500399649143,1756401144.3144999,61944.31449985504,62.31300354003906,21.789770126342773,87.77137756347656,0,25.950001031160355
135.30000537633896,135.6000053882599,135.45000538229942,1756401344.2819998,62144.28199982643,47.285819531075596,45.79954994822772,49.2232055042531,0,0.30000001192092896
155.55000618100166,168.00000667572021,161.77500642836094,1756401344.29825,62144.298249959946,52.19757843017578,33.81836700439453,63.012855529785156,0,12.450000494718552
52.800002098083496,63.60000252723694,58.20000231266022,1756401446.67725,62246.67724990845,49.68320083618164,38.114410400390625,58.488182067871094,0,10.800000429153442
45.00000178813934,45.30000180006027,45.15000179409981,1756401626.271,62426.27099990845,45.38486686993722,44.04183498212663,47.09532833140508,0,0.30000001192092896
176.85000702738762,180.90000718832016,178.8750071078539,1756401728.65,62528.65000009537,52.714176177978516,42.13304901123047,60.21519470214844,0,4.050000160932541
160.95000639557838,161.40000641345978,161.17500640451908,1756401942.23275,62742.232749938965,50.37698358161832,49.66995396930541,51.14564283389942,0,0.45000001788139343
141.450005620718,142.65000566840172,142.05000564455986,1756402040.6165,62840.61649990082,48.999168395996094,38.88123321533203,56.3524055480957,0,1.2000000476837158
180.00000715255737,180.3000071644783,180.15000715851784,1756402218.9689999,63018.96899986267,53.43236613678024,49.80394288008449,57.02215921271352,0,0.30000001192092896
80.85000321269035,88.50000351667404,84.6750033646822,1756402328.58525,63128.58524990082,49.772830963134766,30.008676528930664,59.19037628173828,0,7.650000303983688
180.3000071644783,180.7500071823597,180.525007173419,1756402499.2879999,63299.28799986839,52.73286326155656,47.77042385049856,56.00294256806316,0,0.45000001788139343
38.25000151991844,42.15000167489052,40.20000159740448,1756402499.28925,63299.289249897,50.01005554199219,43.00921630859375,57.95201873779297,0,3.9000001549720764
11.850000470876694,20.40000081062317,16.12500064074993,1756402512.17675,63312.17674994469,60.711673736572266,48.715206146240234,69.95932006835938,0,8.550000339746475
59.25000235438347,76.35000303387642,67.80000269412994,1756402617.7605,63417.76049995422,49.909732818603516,29.576072692871094,59.451263427734375,0,17.10000067949295
14.700000584125519,15.000000596046448,14.850000590085983,1756402617.79925,63417.79924988747,47.60550852362434,45.262487899466784,50.024339021115374,0,0.30000001192092896
24.45000097155571,24.900000989437103,24.675000980496407,1756402790.94675,63590.94674992561,56.85482405316175,53.29076362119184,60.38125189572024,0,0.45000001788139343
32.700001299381256,36.000001430511475,34.350001364946365,1756402797.1452498,63597.1452498436,44.750728607177734,38.675262451171875,50.931907653808594,0,3.3000001311302185
89.5500035583973,165.60000658035278,127.57500506937504,1756403097.11925,63897.11925005913,40.70944595336914,13.222192764282227,85.28610229492188,0,76.05000302195549
145.20000576972961,146.70000582933426,145.95000579953194,1756403204.5055,64004.5055000782,52.515602111816406,49.144805908203125,56.00090408325195,0,1.5000000596046448
129.90000516176224,130.35000517964363,130.12500517070293,1756403384.0805,64184.08049988747,49.516100599958314,47.72922847034562,51.403383144926515,0,0.45000001788139343
122.10000485181808,130.0500051677227,126.0750050097704,1756403486.47425,64286.4742500782,51.04451370239258,40.960060119628906,58.91300582885742,0,7.950000315904617
154.65000614523888,162.1500064432621,158.4000062942505,1756403785.25275,64585.25274991989,52.82160186767578,44.97026443481445,59.3546257019043,0,7.500000298023224
153.00000607967377,153.45000609755516,153.22500608861446,1756403904.244,64704.24399995804,51.687462568308334,47.6158206852554,56.39254338667123,0,0.45000001788139343
41.10000163316727,44.100001752376556,42.60000169277191,1756403965.0502498,64765.05024981499,46.57896423339844,38.71981430053711,52.4283447265625,0,3.0000001192092896
48.1500019133091,48.60000193119049,48.375001922249794,1756403956.4677498,64756.46774983406,51.65804879431542,49.27785977971815,54.332416411126815,0,0.45000001788139343
132.00000524520874,137.55000546574593,134.77500535547733,1756404067.2289999,64867.228999853134,49.65456771850586,33.71067810058594,56.33265686035156,0,5.550000220537186
150.90000599622726,158.10000628232956,154.5000061392784,1756404274.01125,65074.01125001907,48.61601638793945,33.933998107910156,58.02535629272461,0,7.200000286102295
179.40000712871552,181.50000721216202,180.45000717043877,1756404387.5900002,65187.59000015259,49.84255599975586,42.42317581176758,59.66964340209961,0,2.1000000834465027
22.650000900030136,31.20000123977661,26.925001069903374,1756404433.645,65233.64499998093,50.12390899658203,33.28379821777344,59.86528778076172,0,8.550000339746475
68.55000272393227,91.2000036239624,79.87500317394733,1756404566.9750001,65366.97500014305,56.247493743896484,40.139320373535156,67.45222473144531,0,22.650000900030136
126.75000503659248,136.95000544190407,131.85000523924828,1756404664.7475002,65464.7475001812,48.24201202392578,33.516029357910156,56.529788970947266,0,10.200000405311584
75.00000298023224,75.30000299215317,75.1500029861927,1756405127.8815,65927.88150000572,49.112535102580466,47.935319654454716,50.753023737896626,0,0.30000001192092896
16.0500006377697,18.45000073313713,17.250000685453415,1756405232.2755,66032.27550005913,54.405364990234375,47.20299530029297,59.49461364746094,0,2.4000000953674316
169.65000674128532,170.10000675916672,169.87500675022602,1756405418.87025,66218.87024998665,52.80892083629847,48.94327141483993,57.37780848436633,0,0.45000001788139343
148.50000590085983,151.2000060081482,149.850005954504,1756405815.4164999,66615.41649985313,49.75188446044922,41.805843353271484,54.547733306884766,0,2.7000001072883606
